user_id,hour,day,month,page
82,15,16,12,/profile
82,15,16,12,/cart
82,15,16,12,/home
82,15,16,12,/search
82,15,16,12,/home
82,15,16,12,/cart
82,15,16,12,/home
82,15,16,12,/home
82,15,16,12,/home
82,15,16,12,/cart
82,15,16,12,/search
82,15,16,12,/home
161,15,16,12,/profile
161,15,16,12,/profile
161,15,16,12,/home
161,15,16,12,/home
161,15,16,12,/search
161,15,16,12,/home
161,15,16,12,/search
161,15,16,12,/home
161,15,16,12,/cart
161,15,16,12,/home
161,15,16,12,/cart
161,15,16,12,/home
162,15,16,12,/product
162,15,16,12,/search
162,15,16,12,/product
161,15,16,12,/profile
162,15,16,12,/cart
162,15,16,12,/product
162,15,16,12,/product
162,15,16,12,/profile
162,15,16,12,/cart
162,15,16,12,/checkout
162,15,16,12,/checkout
162,15,16,12,/search
148,15,16,12,/checkout
148,15,16,12,/profile
148,15,16,12,/search
148,15,16,12,/search
148,15,16,12,/home
148,15,16,12,/product
148,15,16,12,/checkout
198,16,16,12,/home
198,16,16,12,/cart
198,16,16,12,/profile
198,16,16,12,/product
198,16,16,12,/search
198,16,16,12,/checkout
198,16,16,12,/home
198,16,16,12,/home
198,16,16,12,/profile
53,16,16,12,/profile
53,16,16,12,/home
53,16,16,12,/search
53,16,16,12,/profile
53,16,16,12,/checkout
53,16,16,12,/profile
53,16,16,12,/cart
53,16,16,12,/cart
53,16,16,12,/product
53,16,16,12,/checkout
53,16,16,12,/home
64,17,16,12,/profile
64,17,16,12,/product
64,17,16,12,/product
154,17,16,12,/checkout
154,17,16,12,/home
154,17,16,12,/search
154,17,16,12,/product
154,17,16,12,/home
116,18,16,12,/home
116,18,16,12,/search
116,18,16,12,/product
116,18,16,12,/cart
116,18,16,12,/profile
116,18,16,12,/home
116,18,16,12,/profile
116,18,16,12,/profile
116,18,16,12,/search
116,18,16,12,/search
116,18,16,12,/home
121,18,16,12,/profile
121,18,16,12,/cart
121,18,16,12,/home
121,18,16,12,/search
121,18,16,12,/profile
121,18,16,12,/cart
121,18,16,12,/profile
121,18,16,12,/product
121,18,16,12,/search
121,18,16,12,/checkout
121,18,16,12,/profile
154,19,16,12,/profile
154,19,16,12,/checkout
154,19,16,12,/checkout
154,19,16,12,/checkout
154,19,16,12,/home
154,19,16,12,/checkout
154,19,16,12,/search
116,19,16,12,/home
154,19,16,12,/home
154,19,16,12,/profile
154,19,16,12,/home
116,19,16,12,/checkout
116,19,16,12,/search
154,19,16,12,/home
116,19,16,12,/checkout
116,19,16,12,/search
154,19,16,12,/checkout
116,19,16,12,/home
154,19,16,12,/product
154,19,16,12,/home
171,19,16,12,/cart
171,19,16,12,/checkout
171,19,16,12,/product
171,19,16,12,/checkout
140,19,16,12,/home
140,19,16,12,/profile
140,19,16,12,/product
140,19,16,12,/profile
140,19,16,12,/product
140,19,16,12,/product
140,19,16,12,/checkout
140,19,16,12,/home
140,19,16,12,/cart
118,19,16,12,/profile
118,19,16,12,/product
118,19,16,12,/product
118,19,16,12,/search
118,19,16,12,/checkout
118,19,16,12,/profile
118,19,16,12,/home
118,19,16,12,/profile
118,19,16,12,/cart
100,19,16,12,/search
118,19,16,12,/profile
100,19,16,12,/profile
100,19,16,12,/checkout
100,19,16,12,/product
100,19,16,12,/home
118,19,16,12,/search
118,19,16,12,/home
100,19,16,12,/checkout
100,19,16,12,/home
100,19,16,12,/checkout
100,19,16,12,/product
100,19,16,12,/search
100,19,16,12,/product
118,19,16,12,/checkout
100,19,16,12,/cart
100,19,16,12,/home
100,19,16,12,/home
118,19,16,12,/checkout
100,19,16,12,/home
118,19,16,12,/search
182,19,16,12,/search
182,19,16,12,/profile
182,19,16,12,/product
182,19,16,12,/search
182,19,16,12,/cart
182,19,16,12,/home
182,19,16,12,/product
144,19,16,12,/search
144,19,16,12,/profile
144,19,16,12,/checkout
144,19,16,12,/home
144,19,16,12,/home
144,19,16,12,/search
144,19,16,12,/cart
50,20,16,12,/cart
50,20,16,12,/search
50,20,16,12,/profile
50,20,16,12,/profile
50,20,16,12,/search
83,20,16,12,/product
83,20,16,12,/home
83,20,16,12,/cart
83,20,16,12,/product
124,20,16,12,/profile
124,20,16,12,/product
124,20,16,12,/profile
124,20,16,12,/cart
124,20,16,12,/profile
124,20,16,12,/checkout
124,20,16,12,/profile
124,20,16,12,/product
124,20,16,12,/product
124,20,16,12,/cart
124,20,16,12,/checkout
77,21,16,12,/cart
77,21,16,12,/product
77,21,16,12,/home
77,21,16,12,/cart
77,21,16,12,/profile
77,21,16,12,/cart
77,21,16,12,/checkout
144,21,16,12,/checkout
144,21,16,12,/checkout
77,21,16,12,/product
77,21,16,12,/product
144,21,16,12,/search
144,21,16,12,/checkout
77,21,16,12,/home
141,21,16,12,/product
141,21,16,12,/search
141,21,16,12,/cart
141,21,16,12,/cart
141,21,16,12,/search
141,21,16,12,/home
154,21,16,12,/checkout
154,21,16,12,/profile
154,21,16,12,/search
154,21,16,12,/checkout
154,21,16,12,/product
154,21,16,12,/profile
154,21,16,12,/product
154,21,16,12,/profile
154,21,16,12,/checkout
179,22,16,12,/search
179,22,16,12,/cart
179,22,16,12,/checkout
179,22,16,12,/cart
179,22,16,12,/profile
179,22,16,12,/checkout
179,22,16,12,/product
48,22,16,12,/cart
48,22,16,12,/cart
48,22,16,12,/product
48,22,16,12,/search
48,22,16,12,/cart
48,22,16,12,/checkout
179,22,16,12,/home
48,22,16,12,/home
48,22,16,12,/home
48,22,16,12,/search
48,22,16,12,/home
48,22,16,12,/search
48,22,16,12,/search
48,22,16,12,/checkout
105,22,16,12,/profile
105,22,16,12,/home
105,22,16,12,/profile
33,22,16,12,/product
33,22,16,12,/profile
33,22,16,12,/cart
33,22,16,12,/checkout
33,22,16,12,/home
33,22,16,12,/product
170,23,16,12,/cart
170,23,16,12,/home
170,23,16,12,/checkout
170,23,16,12,/checkout
170,23,16,12,/checkout
170,23,16,12,/checkout
170,23,16,12,/home
170,23,16,12,/search
170,23,16,12,/search
170,23,16,12,/product
33,23,16,12,/checkout
33,23,16,12,/cart
33,23,16,12,/product
33,23,16,12,/search
33,23,16,12,/search
33,23,16,12,/checkout
38,23,16,12,/search
38,23,16,12,/cart
38,23,16,12,/checkout
38,23,16,12,/checkout
38,23,16,12,/search
38,23,16,12,/cart
38,23,16,12,/profile
124,23,16,12,/home
124,23,16,12,/profile
124,23,16,12,/home
124,23,16,12,/checkout
124,23,16,12,/product
124,0,17,12,/product
124,0,17,12,/profile
124,0,17,12,/cart
52,0,17,12,/home
52,0,17,12,/search
52,0,17,12,/search
52,0,17,12,/cart
52,0,17,12,/home
188,0,17,12,/cart
188,0,17,12,/profile
188,0,17,12,/cart
188,0,17,12,/profile
188,0,17,12,/search
188,0,17,12,/product
72,0,17,12,/search
72,0,17,12,/profile
72,0,17,12,/home
72,0,17,12,/cart
72,0,17,12,/checkout
72,0,17,12,/cart
72,0,17,12,/product
72,0,17,12,/cart
72,0,17,12,/search
72,0,17,12,/home
72,0,17,12,/search
125,1,17,12,/checkout
125,1,17,12,/cart
125,1,17,12,/checkout
125,1,17,12,/search
125,1,17,12,/cart
125,1,17,12,/profile
125,1,17,12,/cart
125,1,17,12,/product
164,1,17,12,/product
164,1,17,12,/profile
164,1,17,12,/profile
164,1,17,12,/home
11,1,17,12,/search
164,1,17,12,/home
11,1,17,12,/search
11,1,17,12,/product
164,1,17,12,/profile
164,1,17,12,/search
82,1,17,12,/home
82,1,17,12,/checkout
164,1,17,12,/search
82,1,17,12,/product
164,1,17,12,/home
164,1,17,12,/profile
164,1,17,12,/cart
164,1,17,12,/profile
164,1,17,12,/cart
164,1,17,12,/profile
164,1,17,12,/profile
90,1,17,12,/search
90,1,17,12,/checkout
90,1,17,12,/product
90,1,17,12,/search
90,1,17,12,/profile
90,1,17,12,/profile
180,1,17,12,/product
180,1,17,12,/home
180,1,17,12,/checkout
180,1,17,12,/profile
180,1,17,12,/checkout
180,1,17,12,/cart
180,1,17,12,/search
180,1,17,12,/profile
45,2,17,12,/checkout
45,2,17,12,/checkout
45,2,17,12,/home
17,2,17,12,/search
17,2,17,12,/product
17,2,17,12,/cart
17,2,17,12,/product
17,2,17,12,/product
17,2,17,12,/cart
17,2,17,12,/profile
17,2,17,12,/search
61,2,17,12,/home
61,2,17,12,/profile
61,2,17,12,/checkout
61,2,17,12,/home
61,2,17,12,/cart
61,2,17,12,/search
61,2,17,12,/home
61,2,17,12,/checkout
61,2,17,12,/cart
61,2,17,12,/checkout
61,2,17,12,/cart
61,2,17,12,/search
61,2,17,12,/checkout
61,2,17,12,/home
66,2,17,12,/search
66,2,17,12,/checkout
66,2,17,12,/profile
66,2,17,12,/home
66,2,17,12,/product
66,2,17,12,/search
66,2,17,12,/cart
66,2,17,12,/home
69,2,17,12,/home
69,2,17,12,/checkout
69,2,17,12,/profile
66,2,17,12,/profile
69,2,17,12,/profile
69,2,17,12,/profile
69,2,17,12,/cart
69,2,17,12,/search
69,2,17,12,/checkout
69,2,17,12,/home
69,2,17,12,/search
69,2,17,12,/product
39,2,17,12,/cart
39,2,17,12,/home
69,2,17,12,/home
39,2,17,12,/checkout
39,2,17,12,/product
39,2,17,12,/profile
39,2,17,12,/cart
39,2,17,12,/home
39,2,17,12,/product
39,2,17,12,/home
39,2,17,12,/product
39,2,17,12,/profile
23,2,17,12,/profile
23,2,17,12,/home
23,2,17,12,/profile
23,2,17,12,/cart
23,2,17,12,/checkout
23,2,17,12,/home
23,2,17,12,/product
23,3,17,12,/checkout
23,3,17,12,/search
23,3,17,12,/search
23,3,17,12,/home
23,3,17,12,/checkout
23,3,17,12,/cart
23,3,17,12,/product
23,3,17,12,/checkout
74,4,17,12,/home
74,4,17,12,/product
74,4,17,12,/search
74,4,17,12,/profile
36,4,17,12,/home
74,4,17,12,/home
36,4,17,12,/profile
74,4,17,12,/profile
74,4,17,12,/home
74,4,17,12,/product
74,4,17,12,/checkout
36,4,17,12,/profile
36,4,17,12,/product
36,4,17,12,/product
36,4,17,12,/search
36,4,17,12,/search
74,4,17,12,/product
36,4,17,12,/search
36,4,17,12,/product
124,4,17,12,/search
124,4,17,12,/product
124,4,17,12,/checkout
124,4,17,12,/home
124,4,17,12,/product
124,4,17,12,/search
124,4,17,12,/search
124,4,17,12,/product
124,4,17,12,/product
124,4,17,12,/home
124,4,17,12,/product
124,4,17,12,/profile
124,4,17,12,/search
124,4,17,12,/profile
87,5,17,12,/home
87,5,17,12,/product
87,5,17,12,/search
87,5,17,12,/checkout
87,5,17,12,/checkout
87,5,17,12,/product
87,5,17,12,/profile
87,5,17,12,/search
87,5,17,12,/profile
87,5,17,12,/home
87,5,17,12,/cart
117,6,17,12,/cart
117,6,17,12,/product
117,6,17,12,/cart
117,6,17,12,/search
117,6,17,12,/cart
117,6,17,12,/search
117,6,17,12,/checkout
117,6,17,12,/search
117,6,17,12,/product
117,6,17,12,/home
117,6,17,12,/profile
117,6,17,12,/profile
117,6,17,12,/profile
117,6,17,12,/profile
117,6,17,12,/search
182,6,17,12,/home
182,6,17,12,/home
182,6,17,12,/product
106,6,17,12,/search
23,6,17,12,/product
23,6,17,12,/cart
106,6,17,12,/home
106,6,17,12,/checkout
23,6,17,12,/home
106,6,17,12,/profile
23,6,17,12,/search
106,6,17,12,/home
23,6,17,12,/checkout
106,6,17,12,/product
106,6,17,12,/profile
106,6,17,12,/home
106,6,17,12,/cart
106,6,17,12,/profile
100,6,17,12,/profile
100,6,17,12,/home
100,6,17,12,/cart
100,6,17,12,/home
100,6,17,12,/search
53,7,17,12,/product
53,7,17,12,/cart
53,7,17,12,/cart
53,7,17,12,/search
53,7,17,12,/profile
53,7,17,12,/search
53,7,17,12,/checkout
53,7,17,12,/cart
15,7,17,12,/product
15,7,17,12,/search
15,7,17,12,/search
15,7,17,12,/cart
15,7,17,12,/cart
15,7,17,12,/profile
15,7,17,12,/cart
4,7,17,12,/search
4,7,17,12,/cart
4,7,17,12,/home
4,7,17,12,/profile
4,7,17,12,/search
4,7,17,12,/product
4,7,17,12,/checkout
4,7,17,12,/home
4,7,17,12,/home
4,7,17,12,/profile
4,7,17,12,/home
93,8,17,12,/profile
93,8,17,12,/search
93,8,17,12,/product
93,8,17,12,/profile
93,8,17,12,/product
93,8,17,12,/profile
93,8,17,12,/product
93,8,17,12,/profile
93,8,17,12,/cart
93,8,17,12,/checkout
93,8,17,12,/product
93,8,17,12,/profile
63,8,17,12,/home
63,8,17,12,/checkout
63,8,17,12,/home
63,8,17,12,/checkout
63,8,17,12,/checkout
63,8,17,12,/cart
63,8,17,12,/cart
63,8,17,12,/home
63,8,17,12,/product
63,8,17,12,/profile
63,8,17,12,/cart
63,8,17,12,/product
63,8,17,12,/cart
63,8,17,12,/cart
164,8,17,12,/checkout
164,8,17,12,/profile
164,8,17,12,/cart
164,8,17,12,/cart
164,8,17,12,/profile
164,8,17,12,/cart
164,8,17,12,/home
7,9,17,12,/home
7,9,17,12,/product
7,9,17,12,/checkout
7,9,17,12,/cart
7,9,17,12,/checkout
9,9,17,12,/profile
9,9,17,12,/home
9,9,17,12,/product
103,9,17,12,/product
103,9,17,12,/home
103,9,17,12,/search
103,9,17,12,/checkout
103,9,17,12,/profile
103,9,17,12,/product
103,9,17,12,/cart
103,9,17,12,/home
50,10,17,12,/home
50,10,17,12,/search
50,10,17,12,/profile
132,10,17,12,/home
132,10,17,12,/home
132,10,17,12,/profile
132,10,17,12,/profile
132,10,17,12,/cart
132,10,17,12,/search
185,10,17,12,/cart
185,10,17,12,/home
185,10,17,12,/home
185,10,17,12,/cart
185,10,17,12,/cart
185,10,17,12,/profile
185,10,17,12,/home
185,10,17,12,/cart
185,10,17,12,/checkout
185,10,17,12,/search
185,10,17,12,/home
51,10,17,12,/product
51,10,17,12,/profile
185,10,17,12,/search
51,10,17,12,/home
51,10,17,12,/search
51,10,17,12,/search
51,10,17,12,/profile
185,10,17,12,/home
51,10,17,12,/product
166,10,17,12,/checkout
51,10,17,12,/cart
185,10,17,12,/profile
166,10,17,12,/product
166,10,17,12,/cart
51,10,17,12,/profile
51,10,17,12,/product
51,10,17,12,/home
51,10,17,12,/home
185,10,17,12,/profile
51,10,17,12,/cart
40,11,17,12,/cart
40,11,17,12,/search
40,11,17,12,/profile
40,11,17,12,/checkout
40,11,17,12,/home
40,11,17,12,/product
148,11,17,12,/product
148,11,17,12,/product
148,11,17,12,/cart
148,11,17,12,/cart
148,11,17,12,/profile
148,11,17,12,/search
148,11,17,12,/cart
148,11,17,12,/product
148,11,17,12,/product
148,11,17,12,/profile
148,11,17,12,/checkout
148,11,17,12,/home
148,11,17,12,/home
30,11,17,12,/checkout
148,11,17,12,/search
30,11,17,12,/product
30,11,17,12,/profile
148,11,17,12,/search
86,11,17,12,/home
86,11,17,12,/checkout
86,11,17,12,/search
86,11,17,12,/profile
86,11,17,12,/checkout
86,11,17,12,/profile
88,12,17,12,/product
88,12,17,12,/search
88,12,17,12,/product
88,12,17,12,/cart
88,12,17,12,/product
88,12,17,12,/cart
88,12,17,12,/profile
88,12,17,12,/checkout
88,12,17,12,/product
88,12,17,12,/search
88,12,17,12,/checkout
177,13,17,12,/home
177,13,17,12,/home
177,13,17,12,/cart
177,13,17,12,/search
177,13,17,12,/home
177,13,17,12,/home
2,13,17,12,/search
66,13,17,12,/cart
2,13,17,12,/cart
2,13,17,12,/search
66,13,17,12,/cart
2,13,17,12,/checkout
66,13,17,12,/checkout
2,13,17,12,/cart
66,13,17,12,/home
2,13,17,12,/cart
66,13,17,12,/cart
2,13,17,12,/checkout
2,13,17,12,/home
66,13,17,12,/product
66,13,17,12,/cart
66,13,17,12,/checkout
66,13,17,12,/profile
66,13,17,12,/profile
66,13,17,12,/home
2,13,17,12,/profile
83,13,17,12,/checkout
83,13,17,12,/profile
83,13,17,12,/home
83,13,17,12,/profile
83,13,17,12,/cart
83,13,17,12,/cart
83,13,17,12,/home
83,13,17,12,/search
83,13,17,12,/profile
83,13,17,12,/home
83,13,17,12,/cart
83,13,17,12,/home
83,13,17,12,/cart
83,13,17,12,/search
191,13,17,12,/checkout
83,13,17,12,/home
191,13,17,12,/checkout
191,13,17,12,/cart
191,13,17,12,/cart
191,13,17,12,/product
191,13,17,12,/profile
191,13,17,12,/product
191,13,17,12,/product
105,13,17,12,/checkout
105,13,17,12,/search
105,13,17,12,/cart
105,13,17,12,/search
50,13,17,12,/home
50,13,17,12,/home
50,13,17,12,/home
50,13,17,12,/checkout
50,14,17,12,/product
50,14,17,12,/search
50,14,17,12,/home
129,14,17,12,/home
129,14,17,12,/checkout
129,14,17,12,/cart
129,14,17,12,/product
129,14,17,12,/profile
129,14,17,12,/profile
136,15,17,12,/product
136,15,17,12,/home
136,15,17,12,/home
192,15,17,12,/product
192,15,17,12,/product
192,15,17,12,/profile
192,15,17,12,/cart
192,15,17,12,/profile
192,15,17,12,/checkout
192,15,17,12,/product
192,15,17,12,/checkout
192,15,17,12,/search
8,16,17,12,/product
8,16,17,12,/profile
8,16,17,12,/home
8,16,17,12,/checkout
8,16,17,12,/product
70,16,17,12,/profile
70,16,17,12,/cart
70,16,17,12,/search
70,16,17,12,/product
70,16,17,12,/cart
70,16,17,12,/cart
70,16,17,12,/home
70,16,17,12,/profile
70,16,17,12,/search
70,16,17,12,/home
70,16,17,12,/search
46,16,17,12,/search
46,16,17,12,/product
46,16,17,12,/home
46,16,17,12,/product
46,16,17,12,/checkout
46,16,17,12,/home
115,17,17,12,/search
115,17,17,12,/search
115,17,17,12,/profile
115,17,17,12,/cart
42,17,17,12,/search
42,17,17,12,/profile
42,17,17,12,/profile
42,17,17,12,/product
42,17,17,12,/cart
42,17,17,12,/profile
42,17,17,12,/product
195,17,17,12,/profile
195,17,17,12,/product
195,17,17,12,/cart
195,17,17,12,/search
195,17,17,12,/home
195,17,17,12,/cart
195,17,17,12,/product
195,17,17,12,/cart
195,17,17,12,/profile
195,17,17,12,/product
195,17,17,12,/product
195,17,17,12,/profile
195,17,17,12,/home
88,18,17,12,/search
88,18,17,12,/home
88,18,17,12,/search
88,18,17,12,/search
88,18,17,12,/home
88,18,17,12,/cart
88,18,17,12,/home
88,18,17,12,/cart
88,18,17,12,/search
88,18,17,12,/product
88,18,17,12,/checkout
88,18,17,12,/cart
88,18,17,12,/profile
88,18,17,12,/profile
88,18,17,12,/checkout
197,18,17,12,/search
197,18,17,12,/search
197,18,17,12,/profile
197,18,17,12,/home
197,18,17,12,/checkout
62,18,17,12,/cart
62,18,17,12,/search
62,18,17,12,/product
62,18,17,12,/checkout
62,18,17,12,/checkout
62,18,17,12,/checkout
62,19,17,12,/checkout
62,19,17,12,/cart
62,19,17,12,/profile
62,19,17,12,/home
92,19,17,12,/home
92,19,17,12,/search
92,19,17,12,/product
92,19,17,12,/cart
92,19,17,12,/checkout
92,19,17,12,/profile
92,19,17,12,/home
92,19,17,12,/checkout
92,19,17,12,/profile
92,19,17,12,/cart
92,19,17,12,/home
92,19,17,12,/product
92,19,17,12,/product
92,19,17,12,/search
191,20,17,12,/search
191,20,17,12,/home
191,20,17,12,/product
191,20,17,12,/home
191,20,17,12,/profile
191,20,17,12,/checkout
191,20,17,12,/checkout
2,20,17,12,/product
2,20,17,12,/cart
2,20,17,12,/profile
2,20,17,12,/checkout
2,20,17,12,/checkout
110,21,17,12,/checkout
110,21,17,12,/profile
110,21,17,12,/cart
110,21,17,12,/profile
110,21,17,12,/checkout
110,21,17,12,/cart
110,21,17,12,/product
110,21,17,12,/checkout
177,22,17,12,/product
177,22,17,12,/profile
177,22,17,12,/product
177,22,17,12,/search
177,22,17,12,/search
177,22,17,12,/checkout
177,22,17,12,/cart
177,22,17,12,/profile
177,22,17,12,/cart
4,22,17,12,/profile
4,22,17,12,/home
4,22,17,12,/home
177,22,17,12,/home
4,22,17,12,/product
4,22,17,12,/product
4,22,17,12,/product
4,22,17,12,/product
4,22,17,12,/profile
4,22,17,12,/profile
88,22,17,12,/product
88,22,17,12,/profile
88,22,17,12,/profile
88,22,17,12,/cart
88,22,17,12,/home
88,22,17,12,/search
88,22,17,12,/search
88,22,17,12,/search
88,22,17,12,/checkout
88,22,17,12,/product
88,22,17,12,/product
88,22,17,12,/cart
88,22,17,12,/cart
88,22,17,12,/home
6,22,17,12,/profile
6,22,17,12,/search
6,22,17,12,/profile
6,22,17,12,/home
88,22,17,12,/checkout
6,22,17,12,/search
6,22,17,12,/product
6,22,17,12,/product
6,22,17,12,/search
75,22,17,12,/home
75,22,17,12,/profile
75,22,17,12,/profile
75,22,17,12,/checkout
75,22,17,12,/cart
75,22,17,12,/product
75,22,17,12,/profile
75,22,17,12,/home
75,22,17,12,/search
51,22,17,12,/cart
51,22,17,12,/search
51,22,17,12,/checkout
51,22,17,12,/product
51,22,17,12,/profile
51,22,17,12,/product
51,22,17,12,/checkout
51,22,17,12,/search
51,22,17,12,/home
51,22,17,12,/profile
10,22,17,12,/cart
10,22,17,12,/product
51,22,17,12,/search
10,22,17,12,/home
51,22,17,12,/search
51,22,17,12,/profile
51,22,17,12,/search
10,22,17,12,/profile
10,22,17,12,/checkout
10,22,17,12,/product
10,22,17,12,/product
10,22,17,12,/home
10,22,17,12,/profile
157,23,17,12,/search
157,23,17,12,/cart
157,23,17,12,/home
157,23,17,12,/cart
157,23,17,12,/cart
157,23,17,12,/product
157,23,17,12,/cart
14,23,17,12,/cart
14,23,17,12,/product
14,23,17,12,/cart
14,23,17,12,/cart
14,23,17,12,/search
14,23,17,12,/search
14,23,17,12,/home
14,23,17,12,/cart
14,23,17,12,/profile
14,23,17,12,/cart
14,23,17,12,/cart
14,23,17,12,/product
24,23,17,12,/cart
24,23,17,12,/search
24,23,17,12,/checkout
24,23,17,12,/cart
24,23,17,12,/search
24,23,17,12,/product
24,23,17,12,/checkout
24,23,17,12,/product
24,23,17,12,/home
24,23,17,12,/cart
24,23,17,12,/search
24,23,17,12,/profile
45,0,18,12,/checkout
45,0,18,12,/search
45,0,18,12,/cart
45,0,18,12,/product
181,0,18,12,/checkout
181,0,18,12,/checkout
181,0,18,12,/cart
181,0,18,12,/cart
181,0,18,12,/profile
181,0,18,12,/checkout
181,0,18,12,/profile
181,0,18,12,/cart
181,0,18,12,/cart
181,0,18,12,/product
181,0,18,12,/home
181,0,18,12,/profile
162,0,18,12,/profile
162,0,18,12,/home
162,0,18,12,/search
162,0,18,12,/search
162,0,18,12,/search
162,0,18,12,/profile
162,0,18,12,/cart
184,1,18,12,/search
184,1,18,12,/product
184,1,18,12,/cart
114,1,18,12,/profile
114,1,18,12,/home
114,1,18,12,/search
114,1,18,12,/cart
114,1,18,12,/product
114,1,18,12,/profile
114,1,18,12,/checkout
114,1,18,12,/home
114,1,18,12,/home
114,1,18,12,/profile
186,1,18,12,/checkout
186,1,18,12,/home
186,1,18,12,/profile
186,1,18,12,/cart
186,1,18,12,/checkout
186,1,18,12,/search
186,1,18,12,/search
186,1,18,12,/checkout
186,1,18,12,/profile
186,1,18,12,/checkout
186,1,18,12,/home
186,1,18,12,/cart
186,1,18,12,/search
186,1,18,12,/product
88,1,18,12,/profile
88,1,18,12,/product
88,1,18,12,/search
88,1,18,12,/search
88,1,18,12,/search
88,1,18,12,/search
40,1,18,12,/product
180,1,18,12,/checkout
180,1,18,12,/product
40,1,18,12,/profile
180,1,18,12,/profile
40,1,18,12,/profile
180,1,18,12,/profile
40,1,18,12,/product
180,1,18,12,/search
180,1,18,12,/search
180,1,18,12,/cart
40,1,18,12,/cart
40,1,18,12,/search
40,1,18,12,/profile
180,1,18,12,/home
180,1,18,12,/profile
180,1,18,12,/profile
40,1,18,12,/search
180,1,18,12,/cart
40,1,18,12,/product
40,1,18,12,/product
40,1,18,12,/home
40,1,18,12,/checkout
180,1,18,12,/home
101,1,18,12,/profile
141,1,18,12,/cart
101,1,18,12,/search
141,1,18,12,/home
141,1,18,12,/checkout
141,1,18,12,/checkout
141,1,18,12,/search
11,1,18,12,/search
101,1,18,12,/cart
101,1,18,12,/profile
101,1,18,12,/profile
11,1,18,12,/checkout
101,1,18,12,/product
141,1,18,12,/product
101,1,18,12,/home
141,1,18,12,/home
11,1,18,12,/checkout
141,1,18,12,/checkout
141,1,18,12,/checkout
11,1,18,12,/product
11,1,18,12,/product
141,1,18,12,/cart
11,1,18,12,/product
11,1,18,12,/product
141,1,18,12,/cart
67,1,18,12,/home
67,1,18,12,/home
67,1,18,12,/checkout
67,1,18,12,/product
67,1,18,12,/search
67,1,18,12,/profile
67,1,18,12,/checkout
67,1,18,12,/checkout
67,1,18,12,/search
67,1,18,12,/cart
67,1,18,12,/cart
67,1,18,12,/product
67,1,18,12,/product
67,1,18,12,/profile
59,1,18,12,/profile
59,1,18,12,/search
59,1,18,12,/cart
59,2,18,12,/home
59,2,18,12,/search
185,2,18,12,/product
137,2,18,12,/cart
185,2,18,12,/checkout
137,2,18,12,/product
185,2,18,12,/home
137,2,18,12,/profile
185,2,18,12,/product
137,2,18,12,/search
137,2,18,12,/checkout
185,2,18,12,/product
185,2,18,12,/home
185,2,18,12,/checkout
137,2,18,12,/cart
185,2,18,12,/cart
137,2,18,12,/checkout
185,2,18,12,/cart
185,2,18,12,/search
137,2,18,12,/search
137,2,18,12,/profile
185,2,18,12,/search
137,2,18,12,/search
157,2,18,12,/home
157,2,18,12,/checkout
157,2,18,12,/home
157,2,18,12,/cart
157,2,18,12,/home
157,2,18,12,/cart
157,2,18,12,/cart
157,2,18,12,/product
157,2,18,12,/profile
157,2,18,12,/search
157,2,18,12,/profile
157,2,18,12,/cart
157,2,18,12,/profile
157,2,18,12,/home
156,3,18,12,/product
156,3,18,12,/search
156,3,18,12,/search
156,3,18,12,/search
147,3,18,12,/profile
147,3,18,12,/product
147,3,18,12,/search
147,3,18,12,/home
147,3,18,12,/home
147,3,18,12,/product
147,3,18,12,/cart
147,3,18,12,/home
123,3,18,12,/checkout
123,3,18,12,/search
123,3,18,12,/search
123,3,18,12,/search
123,3,18,12,/profile
132,3,18,12,/search
132,3,18,12,/checkout
132,3,18,12,/search
132,3,18,12,/home
132,3,18,12,/product
132,3,18,12,/home
132,3,18,12,/home
132,3,18,12,/home
132,3,18,12,/checkout
132,3,18,12,/search
132,3,18,12,/cart
132,3,18,12,/home
139,4,18,12,/home
139,4,18,12,/search
139,4,18,12,/product
138,4,18,12,/search
138,4,18,12,/profile
138,4,18,12,/profile
138,4,18,12,/profile
138,4,18,12,/cart
138,4,18,12,/product
138,4,18,12,/profile
138,4,18,12,/home
138,4,18,12,/product
138,4,18,12,/home
138,4,18,12,/home
138,4,18,12,/profile
138,4,18,12,/product
169,5,18,12,/cart
169,5,18,12,/checkout
169,5,18,12,/cart
169,5,18,12,/product
169,5,18,12,/cart
169,5,18,12,/home
169,5,18,12,/product
169,5,18,12,/search
109,6,18,12,/search
109,6,18,12,/cart
109,6,18,12,/profile
109,6,18,12,/home
109,6,18,12,/cart
109,6,18,12,/checkout
109,6,18,12,/checkout
109,6,18,12,/product
109,6,18,12,/search
109,6,18,12,/home
109,6,18,12,/cart
109,6,18,12,/product
109,6,18,12,/product
109,6,18,12,/cart
109,6,18,12,/home
146,6,18,12,/checkout
146,6,18,12,/search
146,6,18,12,/cart
44,6,18,12,/profile
44,6,18,12,/profile
44,6,18,12,/checkout
44,6,18,12,/home
44,6,18,12,/search
44,6,18,12,/search
44,6,18,12,/product
44,6,18,12,/product
44,6,18,12,/home
44,6,18,12,/product
44,6,18,12,/product
44,6,18,12,/cart
44,6,18,12,/search
153,6,18,12,/cart
153,6,18,12,/checkout
153,6,18,12,/search
153,6,18,12,/profile
124,7,18,12,/cart
124,7,18,12,/cart
124,7,18,12,/cart
124,7,18,12,/checkout
124,7,18,12,/profile
124,7,18,12,/checkout
38,8,18,12,/search
38,8,18,12,/search
38,8,18,12,/product
38,8,18,12,/product
38,8,18,12,/profile
38,8,18,12,/product
38,8,18,12,/search
38,8,18,12,/cart
38,8,18,12,/search
12,9,18,12,/product
12,9,18,12,/profile
12,9,18,12,/product
121,9,18,12,/product
121,9,18,12,/cart
121,9,18,12,/cart
121,9,18,12,/cart
121,9,18,12,/checkout
121,9,18,12,/search
139,10,18,12,/cart
139,10,18,12,/cart
139,10,18,12,/checkout
139,10,18,12,/search
139,10,18,12,/checkout
139,10,18,12,/checkout
139,10,18,12,/cart
139,10,18,12,/checkout
139,10,18,12,/checkout
139,10,18,12,/home
139,10,18,12,/home
139,10,18,12,/search
9,10,18,12,/profile
9,10,18,12,/home
9,10,18,12,/cart
9,10,18,12,/checkout
9,10,18,12,/cart
9,10,18,12,/cart
9,10,18,12,/home
9,10,18,12,/home
9,10,18,12,/cart
9,10,18,12,/cart
9,10,18,12,/cart
9,10,18,12,/home
9,10,18,12,/cart
86,10,18,12,/product
86,10,18,12,/home
86,10,18,12,/home
86,10,18,12,/product
86,10,18,12,/checkout
86,10,18,12,/cart
86,10,18,12,/search
86,10,18,12,/search
86,10,18,12,/checkout
86,10,18,12,/home
86,10,18,12,/profile
22,10,18,12,/cart
22,10,18,12,/checkout
86,10,18,12,/search
86,10,18,12,/profile
22,10,18,12,/profile
22,10,18,12,/profile
22,10,18,12,/cart
134,10,18,12,/home
134,10,18,12,/profile
134,10,18,12,/checkout
134,10,18,12,/checkout
134,10,18,12,/home
134,10,18,12,/search
134,10,18,12,/product
134,10,18,12,/product
134,10,18,12,/search
115,11,18,12,/checkout
115,11,18,12,/profile
115,11,18,12,/search
115,11,18,12,/profile
115,11,18,12,/checkout
115,11,18,12,/product
115,11,18,12,/profile
115,11,18,12,/checkout
115,11,18,12,/profile
115,11,18,12,/search
115,11,18,12,/search
115,11,18,12,/product
115,11,18,12,/search
115,11,18,12,/cart
54,11,18,12,/cart
54,11,18,12,/search
54,11,18,12,/product
54,11,18,12,/checkout
54,11,18,12,/product
54,11,18,12,/home
54,11,18,12,/search
54,11,18,12,/home
54,11,18,12,/profile
54,11,18,12,/search
54,11,18,12,/checkout
89,12,18,12,/home
89,12,18,12,/home
89,12,18,12,/home
89,12,18,12,/home
89,12,18,12,/profile
89,12,18,12,/product
89,12,18,12,/search
89,12,18,12,/profile
89,12,18,12,/search
88,12,18,12,/search
88,12,18,12,/cart
88,12,18,12,/search
88,12,18,12,/profile
88,12,18,12,/product
88,12,18,12,/profile
88,12,18,12,/home
88,12,18,12,/profile
88,12,18,12,/product
88,12,18,12,/search
88,12,18,12,/search
88,12,18,12,/profile
88,12,18,12,/profile
88,12,18,12,/cart
188,13,18,12,/home
188,13,18,12,/product
188,13,18,12,/product
188,13,18,12,/home
188,13,18,12,/cart
188,13,18,12,/home
188,13,18,12,/search
188,13,18,12,/profile
188,13,18,12,/product
188,13,18,12,/cart
188,13,18,12,/search
121,13,18,12,/checkout
121,13,18,12,/home
121,13,18,12,/product
121,13,18,12,/search
121,13,18,12,/profile
121,13,18,12,/checkout
121,13,18,12,/search
121,13,18,12,/profile
121,13,18,12,/product
121,13,18,12,/checkout
121,13,18,12,/home
156,13,18,12,/home
156,13,18,12,/product
156,13,18,12,/profile
156,13,18,12,/cart
98,14,18,12,/search
98,14,18,12,/cart
98,14,18,12,/profile
98,14,18,12,/search
98,14,18,12,/search
98,14,18,12,/checkout
175,14,18,12,/checkout
175,14,18,12,/search
175,14,18,12,/cart
175,14,18,12,/profile
175,14,18,12,/search
175,14,18,12,/cart
175,14,18,12,/checkout
175,14,18,12,/search
175,14,18,12,/cart
175,14,18,12,/product
175,14,18,12,/product
131,14,18,12,/profile
131,14,18,12,/product
131,14,18,12,/search
131,14,18,12,/profile
71,14,18,12,/home
71,14,18,12,/product
71,14,18,12,/checkout
71,14,18,12,/search
71,14,18,12,/profile
71,14,18,12,/search
179,15,18,12,/search
179,15,18,12,/home
179,15,18,12,/checkout
179,15,18,12,/profile
179,15,18,12,/home
179,15,18,12,/home
179,15,18,12,/checkout
179,15,18,12,/cart
179,15,18,12,/profile
179,15,18,12,/search
179,15,18,12,/profile
179,15,18,12,/home
179,15,18,12,/home
179,15,18,12,/product
179,15,18,12,/profile
191,15,18,12,/search
191,15,18,12,/profile
191,15,18,12,/home
191,15,18,12,/profile
137,15,18,12,/search
137,15,18,12,/checkout
137,15,18,12,/search
137,15,18,12,/cart
137,15,18,12,/profile
175,16,18,12,/checkout
175,16,18,12,/search
175,16,18,12,/product
175,16,18,12,/cart
175,16,18,12,/checkout
175,16,18,12,/profile
175,16,18,12,/home
175,16,18,12,/product
81,16,18,12,/cart
81,16,18,12,/checkout
81,16,18,12,/profile
81,16,18,12,/profile
102,16,18,12,/profile
102,16,18,12,/home
81,16,18,12,/product
102,16,18,12,/cart
102,16,18,12,/search
102,16,18,12,/search
102,16,18,12,/product
102,16,18,12,/home
102,16,18,12,/profile
102,16,18,12,/search
102,16,18,12,/home
106,16,18,12,/search
106,16,18,12,/search
106,16,18,12,/checkout
193,16,18,12,/search
193,16,18,12,/home
193,16,18,12,/checkout
193,16,18,12,/cart
193,16,18,12,/cart
193,16,18,12,/search
193,16,18,12,/product
193,16,18,12,/checkout
193,16,18,12,/profile
193,16,18,12,/profile
193,16,18,12,/checkout
193,16,18,12,/cart
193,16,18,12,/search
54,16,18,12,/checkout
54,16,18,12,/profile
54,16,18,12,/cart
54,16,18,12,/product
54,16,18,12,/profile
54,16,18,12,/cart
54,16,18,12,/product
88,17,18,12,/home
88,17,18,12,/product
88,17,18,12,/checkout
88,17,18,12,/profile
88,17,18,12,/home
88,17,18,12,/home
88,17,18,12,/profile
88,17,18,12,/home
88,17,18,12,/profile
30,17,18,12,/cart
30,17,18,12,/profile
30,17,18,12,/product
30,17,18,12,/profile
30,17,18,12,/home
30,17,18,12,/home
30,17,18,12,/cart
144,18,18,12,/product
144,18,18,12,/checkout
144,18,18,12,/checkout
144,18,18,12,/search
144,18,18,12,/cart
144,18,18,12,/checkout
59,18,18,12,/cart
59,18,18,12,/search
59,18,18,12,/home
59,18,18,12,/cart
59,18,18,12,/checkout
59,18,18,12,/checkout
59,18,18,12,/product
59,18,18,12,/search
59,18,18,12,/cart
59,18,18,12,/home
59,18,18,12,/search
59,18,18,12,/cart
59,18,18,12,/product
59,18,18,12,/cart
59,18,18,12,/profile
74,18,18,12,/cart
74,18,18,12,/cart
74,18,18,12,/search
74,18,18,12,/cart
74,18,18,12,/cart
74,18,18,12,/checkout
74,18,18,12,/profile
74,18,18,12,/product
74,18,18,12,/search
74,19,18,12,/product
74,19,18,12,/product
74,19,18,12,/checkout
74,19,18,12,/cart
74,19,18,12,/search
53,19,18,12,/checkout
53,19,18,12,/search
53,19,18,12,/home
53,19,18,12,/search
53,19,18,12,/home
42,19,18,12,/cart
42,19,18,12,/cart
42,19,18,12,/search
42,19,18,12,/profile
42,19,18,12,/search
42,19,18,12,/cart
42,19,18,12,/profile
42,19,18,12,/checkout
42,19,18,12,/home
42,20,18,12,/home
44,20,18,12,/search
44,20,18,12,/product
44,20,18,12,/search
44,20,18,12,/cart
44,20,18,12,/cart
44,20,18,12,/cart
44,20,18,12,/product
44,20,18,12,/checkout
44,20,18,12,/search
195,20,18,12,/search
195,20,18,12,/profile
195,20,18,12,/cart
195,20,18,12,/checkout
195,20,18,12,/profile
195,20,18,12,/cart
195,20,18,12,/home
195,20,18,12,/home
195,20,18,12,/profile
195,20,18,12,/profile
195,20,18,12,/checkout
195,20,18,12,/profile
195,20,18,12,/search
195,20,18,12,/search
195,20,18,12,/home
158,20,18,12,/cart
158,20,18,12,/home
158,20,18,12,/product
158,20,18,12,/profile
158,20,18,12,/home
158,20,18,12,/profile
158,20,18,12,/product
158,20,18,12,/profile
158,20,18,12,/product
158,20,18,12,/cart
102,21,18,12,/home
102,21,18,12,/profile
102,21,18,12,/home
102,21,18,12,/cart
199,21,18,12,/cart
199,21,18,12,/profile
199,21,18,12,/profile
199,21,18,12,/search
199,21,18,12,/profile
199,21,18,12,/cart
199,21,18,12,/profile
199,21,18,12,/profile
199,21,18,12,/search
199,21,18,12,/home
199,21,18,12,/product
199,21,18,12,/home
199,21,18,12,/product
115,22,18,12,/profile
115,22,18,12,/cart
115,22,18,12,/checkout
115,22,18,12,/cart
115,22,18,12,/profile
157,22,18,12,/product
157,22,18,12,/profile
157,22,18,12,/cart
157,22,18,12,/search
157,22,18,12,/search
157,22,18,12,/home
157,22,18,12,/home
157,22,18,12,/cart
157,22,18,12,/product
157,22,18,12,/product
157,22,18,12,/profile
157,22,18,12,/cart
157,22,18,12,/profile
62,22,18,12,/search
157,22,18,12,/checkout
62,22,18,12,/search
62,22,18,12,/cart
62,22,18,12,/home
62,22,18,12,/product
62,22,18,12,/cart
62,22,18,12,/product
62,22,18,12,/home
156,22,18,12,/product
156,22,18,12,/profile
156,22,18,12,/checkout
156,22,18,12,/home
156,22,18,12,/home
156,22,18,12,/checkout
156,22,18,12,/product
181,22,18,12,/product
181,22,18,12,/search
181,22,18,12,/checkout
181,22,18,12,/cart
181,22,18,12,/search
181,22,18,12,/home
181,22,18,12,/checkout
181,22,18,12,/checkout
26,23,18,12,/product
26,23,18,12,/product
26,23,18,12,/search
26,23,18,12,/home
26,23,18,12,/profile
26,23,18,12,/product
26,23,18,12,/product
26,23,18,12,/cart
26,23,18,12,/home
26,23,18,12,/profile
26,23,18,12,/checkout
26,23,18,12,/product
26,23,18,12,/home
64,23,18,12,/search
64,23,18,12,/search
64,23,18,12,/checkout
64,23,18,12,/cart
64,23,18,12,/search
64,23,18,12,/search
64,23,18,12,/product
64,23,18,12,/home
64,23,18,12,/checkout
169,23,18,12,/search
169,23,18,12,/cart
169,23,18,12,/product
169,23,18,12,/checkout
169,23,18,12,/product
169,23,18,12,/checkout
169,23,18,12,/profile
169,23,18,12,/cart
169,23,18,12,/checkout
169,23,18,12,/checkout
38,0,19,12,/product
38,0,19,12,/profile
38,0,19,12,/product
38,0,19,12,/checkout
38,0,19,12,/home
38,0,19,12,/checkout
38,0,19,12,/checkout
38,0,19,12,/search
38,0,19,12,/cart
38,0,19,12,/profile
38,0,19,12,/profile
8,1,19,12,/search
8,1,19,12,/product
8,1,19,12,/product
8,1,19,12,/cart
8,1,19,12,/profile
8,1,19,12,/checkout
46,2,19,12,/profile
46,2,19,12,/home
46,2,19,12,/cart
46,2,19,12,/home
46,2,19,12,/search
46,2,19,12,/cart
46,2,19,12,/home
46,2,19,12,/cart
46,2,19,12,/cart
46,2,19,12,/product
46,2,19,12,/product
46,2,19,12,/product
46,2,19,12,/checkout
46,2,19,12,/home
126,2,19,12,/checkout
126,2,19,12,/cart
126,2,19,12,/product
126,2,19,12,/profile
126,2,19,12,/cart
126,2,19,12,/profile
126,2,19,12,/search
185,2,19,12,/search
126,2,19,12,/cart
185,2,19,12,/profile
185,2,19,12,/checkout
90,3,19,12,/home
90,3,19,12,/cart
90,3,19,12,/product
90,3,19,12,/checkout
90,3,19,12,/checkout
90,3,19,12,/product
90,3,19,12,/cart
90,3,19,12,/search
90,3,19,12,/cart
90,3,19,12,/cart
90,3,19,12,/home
90,3,19,12,/profile
90,3,19,12,/search
90,3,19,12,/home
90,3,19,12,/home
22,3,19,12,/checkout
22,3,19,12,/checkout
22,3,19,12,/home
22,3,19,12,/profile
22,3,19,12,/search
22,3,19,12,/product
22,3,19,12,/cart
22,3,19,12,/checkout
22,3,19,12,/home
22,3,19,12,/cart
22,3,19,12,/cart
22,3,19,12,/search
22,3,19,12,/checkout
22,3,19,12,/product
22,3,19,12,/cart
22,4,19,12,/home
22,4,19,12,/product
22,4,19,12,/search
22,4,19,12,/profile
90,4,19,12,/home
90,4,19,12,/home
90,4,19,12,/profile
90,4,19,12,/search
90,4,19,12,/checkout
90,4,19,12,/home
90,4,19,12,/product
90,4,19,12,/product
106,5,19,12,/product
106,5,19,12,/search
106,5,19,12,/product
106,5,19,12,/product
106,5,19,12,/profile
106,5,19,12,/home
106,5,19,12,/checkout
106,5,19,12,/profile
106,5,19,12,/search
106,5,19,12,/search
106,5,19,12,/checkout
106,5,19,12,/cart
106,5,19,12,/profile
106,5,19,12,/home
105,6,19,12,/product
105,6,19,12,/search
105,6,19,12,/cart
105,6,19,12,/checkout
192,6,19,12,/product
192,6,19,12,/cart
192,6,19,12,/home
192,6,19,12,/product
192,6,19,12,/search
162,6,19,12,/product
162,6,19,12,/home
162,6,19,12,/home
162,6,19,12,/home
162,6,19,12,/profile
162,6,19,12,/profile
162,6,19,12,/product
162,6,19,12,/cart
162,6,19,12,/home
162,6,19,12,/product
162,6,19,12,/profile
162,6,19,12,/home
162,6,19,12,/search
92,6,19,12,/product
92,6,19,12,/checkout
92,6,19,12,/product
92,6,19,12,/profile
92,6,19,12,/profile
92,6,19,12,/home
92,6,19,12,/cart
150,7,19,12,/product
150,7,19,12,/profile
150,7,19,12,/product
173,7,19,12,/product
71,7,19,12,/home
71,7,19,12,/search
71,7,19,12,/profile
173,7,19,12,/search
173,7,19,12,/search
173,7,19,12,/home
173,7,19,12,/product
71,7,19,12,/cart
173,7,19,12,/product
71,7,19,12,/home
173,7,19,12,/checkout
173,7,19,12,/search
173,7,19,12,/search
89,8,19,12,/profile
89,8,19,12,/cart
89,8,19,12,/cart
89,8,19,12,/profile
89,8,19,12,/search
148,9,19,12,/checkout
148,9,19,12,/home
148,9,19,12,/home
148,9,19,12,/checkout
148,9,19,12,/home
148,9,19,12,/cart
148,9,19,12,/home
148,9,19,12,/product
148,9,19,12,/home
27,9,19,12,/profile
27,9,19,12,/checkout
27,9,19,12,/cart
27,9,19,12,/home
27,9,19,12,/cart
27,9,19,12,/profile
27,9,19,12,/product
27,9,19,12,/search
27,9,19,12,/home
27,9,19,12,/cart
164,9,19,12,/search
164,9,19,12,/search
164,9,19,12,/checkout
164,9,19,12,/home
164,9,19,12,/home
164,9,19,12,/checkout
160,9,19,12,/search
160,9,19,12,/product
160,9,19,12,/profile
164,9,19,12,/product
164,9,19,12,/checkout
164,9,19,12,/cart
160,9,19,12,/product
160,9,19,12,/product
160,9,19,12,/profile
160,9,19,12,/product
160,9,19,12,/cart
160,9,19,12,/home
160,9,19,12,/home
165,10,19,12,/checkout
165,10,19,12,/checkout
165,10,19,12,/product
165,10,19,12,/profile
165,10,19,12,/cart
165,10,19,12,/cart
165,10,19,12,/home
165,10,19,12,/cart
165,10,19,12,/search
165,10,19,12,/cart
165,10,19,12,/cart
165,10,19,12,/checkout
165,10,19,12,/home
165,10,19,12,/cart
165,10,19,12,/search
58,10,19,12,/search
58,10,19,12,/home
58,10,19,12,/cart
58,10,19,12,/home
58,10,19,12,/cart
58,10,19,12,/profile
58,10,19,12,/cart
58,10,19,12,/checkout
58,10,19,12,/checkout
58,10,19,12,/home
58,10,19,12,/profile
31,11,19,12,/product
194,11,19,12,/cart
194,11,19,12,/checkout
31,11,19,12,/product
31,11,19,12,/home
31,11,19,12,/product
31,11,19,12,/search
194,11,19,12,/profile
194,11,19,12,/search
31,11,19,12,/checkout
31,11,19,12,/cart
31,11,19,12,/cart
194,11,19,12,/cart
31,11,19,12,/product
194,11,19,12,/home
194,11,19,12,/product
194,11,19,12,/product
194,11,19,12,/checkout
194,11,19,12,/search
194,11,19,12,/home
194,11,19,12,/product
194,11,19,12,/profile
31,11,19,12,/home
31,11,19,12,/cart
151,11,19,12,/product
151,11,19,12,/product
151,11,19,12,/home
151,11,19,12,/checkout
151,11,19,12,/search
151,11,19,12,/search
151,11,19,12,/search
151,11,19,12,/home
151,11,19,12,/cart
151,11,19,12,/checkout
151,11,19,12,/cart
136,13,19,12,/cart
136,13,19,12,/checkout
136,13,19,12,/profile
101,13,19,12,/cart
136,13,19,12,/home
136,13,19,12,/product
136,13,19,12,/cart
136,13,19,12,/checkout
101,13,19,12,/profile
101,13,19,12,/home
136,13,19,12,/cart
101,13,19,12,/search
136,13,19,12,/checkout
101,13,19,12,/search
101,13,19,12,/profile
101,13,19,12,/product
101,13,19,12,/profile
101,13,19,12,/home
101,13,19,12,/home
101,13,19,12,/product
136,13,19,12,/cart
101,13,19,12,/cart
136,13,19,12,/profile
136,13,19,12,/profile
88,13,19,12,/cart
88,13,19,12,/profile
88,13,19,12,/profile
136,13,19,12,/checkout
101,13,19,12,/home
101,13,19,12,/product
88,13,19,12,/cart
101,13,19,12,/profile
9,13,19,12,/cart
9,13,19,12,/checkout
9,13,19,12,/home
9,13,19,12,/profile
9,13,19,12,/home
9,13,19,12,/checkout
9,13,19,12,/product
9,13,19,12,/home
9,13,19,12,/home
163,13,19,12,/product
9,13,19,12,/search
163,13,19,12,/profile
163,13,19,12,/checkout
163,13,19,12,/search
163,13,19,12,/home
163,13,19,12,/cart
163,13,19,12,/profile
163,14,19,12,/home
163,14,19,12,/search
163,14,19,12,/checkout
163,14,19,12,/search
100,14,19,12,/search
100,14,19,12,/product
100,14,19,12,/search
100,14,19,12,/profile
100,14,19,12,/profile
100,14,19,12,/cart
100,14,19,12,/home
100,14,19,12,/checkout
100,14,19,12,/profile
100,14,19,12,/checkout
100,14,19,12,/product
100,14,19,12,/checkout
114,15,19,12,/profile
114,15,19,12,/search
114,15,19,12,/product
114,15,19,12,/profile
114,15,19,12,/profile
114,15,19,12,/home
114,15,19,12,/search
114,15,19,12,/product
114,15,19,12,/search
114,15,19,12,/profile
180,15,19,12,/product
180,15,19,12,/checkout
180,15,19,12,/product
180,15,19,12,/search
180,15,19,12,/search
33,16,19,12,/search
33,16,19,12,/checkout
33,16,19,12,/profile
33,16,19,12,/search
33,16,19,12,/product
33,16,19,12,/cart
33,16,19,12,/profile
33,16,19,12,/checkout
33,16,19,12,/search
33,16,19,12,/product
33,16,19,12,/cart
15,17,19,12,/product
15,17,19,12,/profile
15,17,19,12,/cart
15,17,19,12,/checkout
15,17,19,12,/home
15,17,19,12,/product
15,17,19,12,/profile
15,17,19,12,/home
15,17,19,12,/search
15,17,19,12,/cart
15,17,19,12,/profile
73,17,19,12,/checkout
73,17,19,12,/product
73,17,19,12,/product
73,17,19,12,/checkout
73,17,19,12,/search
73,17,19,12,/search
25,17,19,12,/product
149,17,19,12,/product
149,17,19,12,/cart
149,17,19,12,/checkout
25,17,19,12,/home
25,17,19,12,/product
149,17,19,12,/profile
25,17,19,12,/product
25,17,19,12,/home
149,17,19,12,/cart
149,17,19,12,/search
25,17,19,12,/home
25,17,19,12,/search
25,17,19,12,/profile
25,17,19,12,/product
149,17,19,12,/product
25,17,19,12,/home
25,17,19,12,/cart
149,17,19,12,/search
25,17,19,12,/home
25,17,19,12,/checkout
25,17,19,12,/product
149,17,19,12,/product
149,17,19,12,/product
149,17,19,12,/search
25,17,19,12,/profile
149,17,19,12,/search
149,17,19,12,/cart
154,18,19,12,/home
154,18,19,12,/search
154,18,19,12,/home
154,18,19,12,/profile
99,18,19,12,/profile
99,18,19,12,/product
99,18,19,12,/cart
99,18,19,12,/search
99,18,19,12,/search
99,18,19,12,/profile
99,18,19,12,/product
99,18,19,12,/checkout
10,19,19,12,/profile
10,19,19,12,/checkout
10,19,19,12,/search
10,19,19,12,/home
10,19,19,12,/profile
10,19,19,12,/profile
10,19,19,12,/search
10,19,19,12,/search
10,19,19,12,/checkout
10,19,19,12,/profile
10,19,19,12,/cart
110,19,19,12,/search
110,19,19,12,/search
110,19,19,12,/product
110,19,19,12,/product
110,19,19,12,/home
110,19,19,12,/checkout
110,19,19,12,/checkout
110,19,19,12,/home
110,19,19,12,/product
110,19,19,12,/checkout
110,19,19,12,/search
110,20,19,12,/profile
110,20,19,12,/profile
6,20,19,12,/search
6,20,19,12,/search
6,20,19,12,/cart
27,20,19,12,/home
27,20,19,12,/product
27,20,19,12,/checkout
27,20,19,12,/checkout
27,20,19,12,/search
27,20,19,12,/checkout
27,20,19,12,/product
138,21,19,12,/cart
138,21,19,12,/profile
138,21,19,12,/product
138,21,19,12,/home
86,22,19,12,/cart
86,22,19,12,/checkout
86,22,19,12,/cart
86,22,19,12,/home
80,22,19,12,/product
80,22,19,12,/profile
80,22,19,12,/cart
80,22,19,12,/checkout
80,22,19,12,/product
80,22,19,12,/product
102,23,19,12,/search
102,23,19,12,/home
102,23,19,12,/product
102,23,19,12,/product
102,23,19,12,/home
102,23,19,12,/checkout
102,23,19,12,/cart
102,23,19,12,/search
102,23,19,12,/product
102,23,19,12,/cart
102,23,19,12,/product
102,23,19,12,/home
41,23,19,12,/product
41,23,19,12,/cart
41,23,19,12,/home
41,23,19,12,/cart
173,0,20,12,/home
173,0,20,12,/product
173,0,20,12,/search
173,0,20,12,/search
96,0,20,12,/profile
173,0,20,12,/checkout
96,0,20,12,/search
173,0,20,12,/cart
173,0,20,12,/cart
173,0,20,12,/profile
96,0,20,12,/home
173,0,20,12,/product
173,0,20,12,/checkout
96,0,20,12,/profile
96,0,20,12,/checkout
173,0,20,12,/home
173,0,20,12,/profile
173,0,20,12,/profile
173,0,20,12,/profile
173,0,20,12,/home
160,2,20,12,/profile
160,2,20,12,/home
160,2,20,12,/product
160,2,20,12,/home
160,2,20,12,/product
160,2,20,12,/profile
160,2,20,12,/profile
160,2,20,12,/profile
160,2,20,12,/product
160,2,20,12,/home
160,2,20,12,/checkout
160,2,20,12,/cart
160,2,20,12,/search
160,2,20,12,/cart
95,3,20,12,/checkout
95,3,20,12,/search
95,3,20,12,/checkout
95,3,20,12,/home
125,3,20,12,/home
125,3,20,12,/checkout
95,3,20,12,/search
125,3,20,12,/home
125,3,20,12,/home
95,3,20,12,/cart
125,3,20,12,/profile
125,3,20,12,/search
125,3,20,12,/cart
95,3,20,12,/product
95,3,20,12,/cart
125,3,20,12,/product
95,3,20,12,/search
125,3,20,12,/search
125,3,20,12,/cart
95,3,20,12,/product
95,3,20,12,/checkout
95,3,20,12,/home
165,3,20,12,/checkout
165,3,20,12,/search
165,3,20,12,/search
48,3,20,12,/profile
48,3,20,12,/profile
165,3,20,12,/checkout
165,3,20,12,/search
165,3,20,12,/search
165,3,20,12,/cart
48,3,20,12,/cart
48,3,20,12,/product
165,3,20,12,/product
48,3,20,12,/profile
165,3,20,12,/profile
48,3,20,12,/profile
165,3,20,12,/home
165,3,20,12,/cart
165,3,20,12,/search
48,3,20,12,/cart
165,3,20,12,/checkout
165,3,20,12,/cart
165,3,20,12,/cart
150,4,20,12,/product
150,4,20,12,/product
150,4,20,12,/product
150,4,20,12,/product
150,4,20,12,/home
150,4,20,12,/product
150,4,20,12,/product
150,4,20,12,/profile
150,4,20,12,/cart
150,4,20,12,/checkout
150,4,20,12,/profile
150,4,20,12,/product
150,4,20,12,/home
150,4,20,12,/profile
150,4,20,12,/cart
157,4,20,12,/cart
157,4,20,12,/profile
157,4,20,12,/profile
157,4,20,12,/checkout
157,4,20,12,/home
157,4,20,12,/checkout
157,4,20,12,/home
157,5,20,12,/profile
74,5,20,12,/search
74,5,20,12,/product
74,5,20,12,/checkout
74,5,20,12,/cart
74,5,20,12,/product
114,5,20,12,/cart
114,5,20,12,/checkout
114,5,20,12,/home
114,5,20,12,/product
114,5,20,12,/home
114,5,20,12,/cart
114,5,20,12,/checkout
114,5,20,12,/profile
114,5,20,12,/cart
114,5,20,12,/checkout
105,5,20,12,/profile
105,5,20,12,/profile
105,5,20,12,/search
105,5,20,12,/checkout
105,5,20,12,/product
105,5,20,12,/search
134,5,20,12,/checkout
105,5,20,12,/home
134,5,20,12,/cart
134,5,20,12,/checkout
105,5,20,12,/checkout
105,5,20,12,/search
134,5,20,12,/checkout
134,5,20,12,/product
134,5,20,12,/search
105,5,20,12,/product
105,5,20,12,/cart
134,5,20,12,/checkout
134,5,20,12,/product
134,5,20,12,/checkout
134,5,20,12,/checkout
105,5,20,12,/checkout
134,5,20,12,/product
117,5,20,12,/product
117,5,20,12,/product
117,5,20,12,/home
155,7,20,12,/profile
155,7,20,12,/product
155,7,20,12,/cart
155,7,20,12,/home
155,7,20,12,/home
155,7,20,12,/checkout
155,7,20,12,/cart
155,7,20,12,/home
143,7,20,12,/search
143,7,20,12,/search
143,7,20,12,/search
143,7,20,12,/home
143,7,20,12,/checkout
143,7,20,12,/home
143,7,20,12,/search
143,7,20,12,/cart
143,7,20,12,/checkout
118,7,20,12,/product
118,7,20,12,/checkout
118,7,20,12,/search
118,7,20,12,/search
143,7,20,12,/cart
118,7,20,12,/home
118,7,20,12,/home
143,7,20,12,/profile
118,7,20,12,/profile
118,7,20,12,/home
118,7,20,12,/cart
143,7,20,12,/checkout
118,7,20,12,/search
118,7,20,12,/home
143,7,20,12,/cart
143,7,20,12,/product
118,7,20,12,/home
143,7,20,12,/profile
118,7,20,12,/home
84,8,20,12,/profile
84,8,20,12,/cart
84,8,20,12,/checkout
84,8,20,12,/profile
84,8,20,12,/profile
50,8,20,12,/checkout
50,8,20,12,/search
50,8,20,12,/cart
50,8,20,12,/checkout
50,8,20,12,/home
50,8,20,12,/checkout
50,8,20,12,/checkout
119,8,20,12,/cart
119,8,20,12,/product
119,8,20,12,/cart
119,8,20,12,/home
119,8,20,12,/home
119,8,20,12,/checkout
119,8,20,12,/search
119,8,20,12,/search
119,8,20,12,/checkout
119,8,20,12,/home
119,8,20,12,/profile
127,8,20,12,/cart
119,8,20,12,/search
127,8,20,12,/home
127,8,20,12,/profile
127,8,20,12,/profile
119,8,20,12,/search
119,8,20,12,/product
127,8,20,12,/checkout
178,8,20,12,/cart
178,8,20,12,/product
178,8,20,12,/home
178,8,20,12,/checkout
178,8,20,12,/cart
178,8,20,12,/profile
178,8,20,12,/checkout
178,8,20,12,/search
178,8,20,12,/home
178,8,20,12,/home
178,8,20,12,/search
178,8,20,12,/checkout
178,8,20,12,/search
178,8,20,12,/cart
178,8,20,12,/checkout
132,9,20,12,/cart
132,9,20,12,/search
132,9,20,12,/product
132,9,20,12,/profile
132,9,20,12,/cart
92,9,20,12,/product
92,9,20,12,/search
92,9,20,12,/cart
92,9,20,12,/product
108,9,20,12,/cart
108,9,20,12,/home
108,9,20,12,/product
108,9,20,12,/home
108,9,20,12,/checkout
108,9,20,12,/profile
108,9,20,12,/home
108,9,20,12,/home
108,9,20,12,/home
108,9,20,12,/product
108,9,20,12,/product
108,9,20,12,/search
108,9,20,12,/profile
108,9,20,12,/checkout
54,9,20,12,/checkout
54,9,20,12,/cart
54,9,20,12,/checkout
54,9,20,12,/search
54,9,20,12,/profile
54,9,20,12,/cart
54,9,20,12,/profile
86,10,20,12,/home
86,10,20,12,/cart
86,10,20,12,/cart
86,10,20,12,/search
86,10,20,12,/checkout
86,10,20,12,/profile
86,10,20,12,/product
86,10,20,12,/checkout
86,10,20,12,/checkout
86,10,20,12,/home
195,10,20,12,/search
195,10,20,12,/product
195,10,20,12,/search
195,10,20,12,/profile
195,10,20,12,/product
195,10,20,12,/search
195,10,20,12,/home
195,10,20,12,/search
5,10,20,12,/search
5,10,20,12,/search
5,10,20,12,/profile
5,10,20,12,/profile
5,10,20,12,/cart
5,10,20,12,/cart
5,10,20,12,/profile
5,10,20,12,/home
185,11,20,12,/profile
185,11,20,12,/home
185,11,20,12,/checkout
185,11,20,12,/cart
185,11,20,12,/home
185,11,20,12,/profile
185,11,20,12,/profile
185,11,20,12,/checkout
66,11,20,12,/product
66,11,20,12,/checkout
66,11,20,12,/checkout
66,11,20,12,/profile
66,11,20,12,/product
66,11,20,12,/product
66,11,20,12,/profile
66,11,20,12,/profile
66,11,20,12,/profile
66,11,20,12,/checkout
66,11,20,12,/search
66,11,20,12,/home
124,11,20,12,/home
124,11,20,12,/search
124,11,20,12,/search
66,11,20,12,/search
124,11,20,12,/home
124,11,20,12,/search
124,11,20,12,/checkout
124,11,20,12,/search
124,11,20,12,/checkout
124,11,20,12,/product
124,11,20,12,/home
124,11,20,12,/home
124,11,20,12,/profile
124,11,20,12,/search
124,11,20,12,/checkout
124,11,20,12,/cart
137,11,20,12,/search
137,11,20,12,/product
137,11,20,12,/cart
137,11,20,12,/search
137,11,20,12,/search
137,11,20,12,/checkout
137,11,20,12,/checkout
137,11,20,12,/product
137,11,20,12,/search
30,11,20,12,/profile
30,11,20,12,/cart
30,11,20,12,/search
30,11,20,12,/product
30,11,20,12,/search
30,11,20,12,/product
30,11,20,12,/product
30,11,20,12,/product
30,11,20,12,/checkout
30,11,20,12,/cart
153,12,20,12,/profile
153,12,20,12,/cart
153,12,20,12,/home
139,12,20,12,/product
139,12,20,12,/product
139,12,20,12,/profile
139,12,20,12,/cart
139,12,20,12,/checkout
139,12,20,12,/cart
139,12,20,12,/product
139,12,20,12,/search
139,12,20,12,/search
139,12,20,12,/search
139,12,20,12,/search
139,12,20,12,/home
139,12,20,12,/home
138,12,20,12,/product
138,12,20,12,/search
138,12,20,12,/product
138,12,20,12,/profile
138,12,20,12,/product
138,12,20,12,/product
25,12,20,12,/home
25,12,20,12,/cart
138,12,20,12,/checkout
25,12,20,12,/checkout
138,12,20,12,/checkout
25,12,20,12,/search
25,12,20,12,/home
25,12,20,12,/product
25,12,20,12,/search
25,12,20,12,/search
138,12,20,12,/checkout
25,12,20,12,/product
25,12,20,12,/home
159,12,20,12,/home
159,12,20,12,/checkout
159,12,20,12,/search
159,12,20,12,/home
159,12,20,12,/product
149,14,20,12,/cart
149,14,20,12,/home
149,14,20,12,/search
149,14,20,12,/checkout
149,14,20,12,/product
149,14,20,12,/search
149,14,20,12,/cart
149,14,20,12,/checkout
149,14,20,12,/product
149,14,20,12,/checkout
149,14,20,12,/product
149,14,20,12,/checkout
82,14,20,12,/profile
82,14,20,12,/cart
82,14,20,12,/product
82,14,20,12,/checkout
82,14,20,12,/search
82,14,20,12,/cart
82,14,20,12,/product
82,14,20,12,/home
82,14,20,12,/product
82,14,20,12,/cart
82,14,20,12,/profile
40,14,20,12,/checkout
40,14,20,12,/checkout
40,14,20,12,/cart
40,14,20,12,/home
40,14,20,12,/checkout
40,14,20,12,/search
40,14,20,12,/product
40,14,20,12,/home
40,14,20,12,/cart
40,14,20,12,/cart
40,14,20,12,/search
40,14,20,12,/cart
40,14,20,12,/checkout
40,14,20,12,/product
138,15,20,12,/product
138,15,20,12,/home
138,15,20,12,/search
138,15,20,12,/profile
138,15,20,12,/cart
138,15,20,12,/profile
138,15,20,12,/checkout
138,15,20,12,/product
138,15,20,12,/profile
138,15,20,12,/search
138,15,20,12,/profile
138,15,20,12,/search
138,15,20,12,/home
138,15,20,12,/cart
138,15,20,12,/profile
163,15,20,12,/cart
163,15,20,12,/cart
163,15,20,12,/cart
163,15,20,12,/home
163,15,20,12,/search
163,15,20,12,/cart
163,15,20,12,/home
163,15,20,12,/profile
163,15,20,12,/checkout
163,15,20,12,/search
111,15,20,12,/product
111,15,20,12,/cart
111,15,20,12,/checkout
111,15,20,12,/home
111,15,20,12,/checkout
111,15,20,12,/home
111,15,20,12,/cart
111,15,20,12,/cart
111,15,20,12,/home
111,15,20,12,/checkout
111,15,20,12,/profile
131,16,20,12,/checkout
131,16,20,12,/checkout
131,16,20,12,/search
152,16,20,12,/search
152,16,20,12,/search
152,16,20,12,/search
152,16,20,12,/checkout
152,16,20,12,/product
152,16,20,12,/cart
152,16,20,12,/product
152,16,20,12,/profile
152,16,20,12,/cart
152,16,20,12,/search
152,16,20,12,/profile
152,16,20,12,/home
152,16,20,12,/home
137,16,20,12,/product
137,16,20,12,/search
137,16,20,12,/cart
137,17,20,12,/cart
137,17,20,12,/cart
121,17,20,12,/home
121,17,20,12,/checkout
121,17,20,12,/checkout
151,17,20,12,/profile
121,17,20,12,/checkout
151,17,20,12,/checkout
121,17,20,12,/home
151,17,20,12,/search
151,17,20,12,/checkout
58,17,20,12,/checkout
151,17,20,12,/product
58,17,20,12,/cart
121,17,20,12,/search
58,17,20,12,/checkout
58,17,20,12,/profile
151,17,20,12,/profile
151,17,20,12,/search
58,17,20,12,/product
58,17,20,12,/product
58,17,20,12,/product
151,17,20,12,/checkout
151,17,20,12,/checkout
151,17,20,12,/home
58,17,20,12,/home
60,19,20,12,/cart
60,19,20,12,/checkout
60,19,20,12,/product
60,19,20,12,/search
60,19,20,12,/checkout
43,20,20,12,/cart
43,20,20,12,/product
43,20,20,12,/checkout
43,20,20,12,/search
43,20,20,12,/checkout
43,20,20,12,/product
43,20,20,12,/cart
53,20,20,12,/checkout
53,20,20,12,/product
53,20,20,12,/search
53,20,20,12,/cart
53,20,20,12,/profile
139,20,20,12,/checkout
110,20,20,12,/product
110,20,20,12,/cart
53,20,20,12,/home
53,20,20,12,/cart
139,20,20,12,/profile
139,20,20,12,/search
139,20,20,12,/home
110,20,20,12,/cart
110,20,20,12,/search
53,20,20,12,/product
110,20,20,12,/home
139,20,20,12,/checkout
139,20,20,12,/home
139,20,20,12,/product
53,20,20,12,/home
110,20,20,12,/checkout
110,20,20,12,/checkout
53,20,20,12,/checkout
170,20,20,12,/home
139,20,20,12,/home
170,20,20,12,/home
170,20,20,12,/cart
139,20,20,12,/checkout
170,20,20,12,/home
170,20,20,12,/product
139,20,20,12,/search
110,20,20,12,/cart
110,20,20,12,/checkout
170,20,20,12,/cart
110,20,20,12,/home
170,20,20,12,/checkout
139,20,20,12,/profile
110,20,20,12,/cart
110,20,20,12,/checkout
110,20,20,12,/cart
53,20,20,12,/product
53,20,20,12,/home
53,20,20,12,/profile
170,20,20,12,/profile
170,20,20,12,/cart
110,20,20,12,/search
110,20,20,12,/home
178,20,20,12,/product
178,20,20,12,/profile
178,20,20,12,/cart
178,20,20,12,/search
178,20,20,12,/home
178,20,20,12,/profile
178,20,20,12,/search
42,20,20,12,/search
42,20,20,12,/search
42,20,20,12,/home
42,20,20,12,/home
42,20,20,12,/checkout
42,20,20,12,/profile
121,21,20,12,/search
121,21,20,12,/product
121,21,20,12,/checkout
121,21,20,12,/product
121,21,20,12,/checkout
121,21,20,12,/cart
121,21,20,12,/cart
121,21,20,12,/profile
121,21,20,12,/profile
121,21,20,12,/home
121,21,20,12,/search
100,21,20,12,/checkout
100,21,20,12,/checkout
100,21,20,12,/cart
100,21,20,12,/profile
121,21,20,12,/search
100,21,20,12,/product
100,21,20,12,/cart
100,21,20,12,/profile
100,21,20,12,/profile
100,21,20,12,/cart
100,21,20,12,/home
100,21,20,12,/home
100,21,20,12,/checkout
100,21,20,12,/cart
100,21,20,12,/cart
164,21,20,12,/home
164,21,20,12,/cart
164,21,20,12,/profile
164,21,20,12,/cart
119,21,20,12,/profile
119,21,20,12,/checkout
119,21,20,12,/search
119,21,20,12,/profile
119,21,20,12,/checkout
119,21,20,12,/search
119,21,20,12,/checkout
119,21,20,12,/cart
119,21,20,12,/checkout
119,21,20,12,/cart
119,21,20,12,/checkout
119,21,20,12,/cart
169,21,20,12,/cart
169,21,20,12,/product
169,21,20,12,/profile
169,21,20,12,/product
169,21,20,12,/profile
169,21,20,12,/profile
169,21,20,12,/home
169,21,20,12,/profile
169,21,20,12,/profile
169,21,20,12,/search
169,21,20,12,/home
169,22,20,12,/checkout
94,22,20,12,/search
94,22,20,12,/checkout
94,22,20,12,/search
54,22,20,12,/search
54,22,20,12,/product
54,22,20,12,/checkout
21,22,20,12,/search
21,22,20,12,/profile
21,22,20,12,/profile
21,22,20,12,/checkout
21,22,20,12,/product
21,22,20,12,/product
13,22,20,12,/search
13,22,20,12,/cart
21,22,20,12,/home
13,22,20,12,/home
21,22,20,12,/checkout
13,22,20,12,/home
13,22,20,12,/cart
13,22,20,12,/cart
13,22,20,12,/profile
13,22,20,12,/cart
13,22,20,12,/checkout
13,22,20,12,/profile
21,22,20,12,/cart
21,22,20,12,/home
21,22,20,12,/profile
21,23,20,12,/product
13,23,20,12,/search
13,23,20,12,/profile
168,23,20,12,/home
168,23,20,12,/search
168,23,20,12,/cart
168,23,20,12,/checkout
168,23,20,12,/product
137,23,20,12,/cart
137,23,20,12,/profile
137,23,20,12,/home
137,23,20,12,/cart
137,23,20,12,/checkout
137,23,20,12,/checkout
137,23,20,12,/home
137,23,20,12,/product
137,23,20,12,/home
137,23,20,12,/cart
137,23,20,12,/cart
67,0,21,12,/cart
67,0,21,12,/home
67,0,21,12,/cart
67,0,21,12,/home
98,0,21,12,/profile
98,0,21,12,/home
98,0,21,12,/product
98,0,21,12,/search
98,0,21,12,/product
98,0,21,12,/profile
98,0,21,12,/product
98,0,21,12,/product
98,0,21,12,/cart
98,0,21,12,/cart
98,0,21,12,/home
165,0,21,12,/search
165,0,21,12,/profile
165,0,21,12,/profile
165,0,21,12,/home
165,0,21,12,/product
165,0,21,12,/checkout
165,1,21,12,/search
197,2,21,12,/profile
197,2,21,12,/product
197,2,21,12,/cart
197,2,21,12,/search
22,2,21,12,/product
22,2,21,12,/checkout
22,2,21,12,/checkout
76,2,21,12,/home
76,2,21,12,/product
76,2,21,12,/checkout
76,2,21,12,/search
76,2,21,12,/cart
76,2,21,12,/profile
76,2,21,12,/cart
76,2,21,12,/home
76,2,21,12,/checkout
76,2,21,12,/home
189,2,21,12,/home
189,2,21,12,/product
189,2,21,12,/checkout
189,2,21,12,/product
197,2,21,12,/profile
197,2,21,12,/search
197,2,21,12,/search
197,2,21,12,/home
53,2,21,12,/product
53,2,21,12,/home
53,2,21,12,/search
53,2,21,12,/home
53,2,21,12,/profile
53,2,21,12,/search
53,2,21,12,/search
53,2,21,12,/checkout
53,2,21,12,/search
53,2,21,12,/home
53,2,21,12,/profile
53,2,21,12,/search
53,2,21,12,/search
53,2,21,12,/cart
53,2,21,12,/profile
50,2,21,12,/checkout
50,2,21,12,/home
50,2,21,12,/search
50,2,21,12,/checkout
50,2,21,12,/profile
50,2,21,12,/cart
50,2,21,12,/home
50,3,21,12,/profile
50,3,21,12,/profile
50,3,21,12,/cart
50,3,21,12,/profile
50,3,21,12,/home
50,3,21,12,/search
50,3,21,12,/search
82,3,21,12,/search
82,3,21,12,/profile
82,3,21,12,/product
82,3,21,12,/product
82,3,21,12,/profile
82,3,21,12,/home
82,3,21,12,/profile
82,3,21,12,/cart
82,3,21,12,/product
82,3,21,12,/cart
43,3,21,12,/home
43,3,21,12,/checkout
43,3,21,12,/home
43,3,21,12,/home
43,3,21,12,/home
43,3,21,12,/product
43,3,21,12,/checkout
43,3,21,12,/cart
43,3,21,12,/checkout
43,3,21,12,/product
43,3,21,12,/cart
43,3,21,12,/profile
13,4,21,12,/home
13,4,21,12,/cart
13,4,21,12,/checkout
13,4,21,12,/profile
13,4,21,12,/profile
13,4,21,12,/home
13,4,21,12,/checkout
13,4,21,12,/home
13,4,21,12,/profile
13,4,21,12,/checkout
13,4,21,12,/profile
13,4,21,12,/cart
13,4,21,12,/cart
13,4,21,12,/profile
151,5,21,12,/profile
151,5,21,12,/search
151,5,21,12,/checkout
151,5,21,12,/home
151,5,21,12,/profile
151,5,21,12,/profile
151,5,21,12,/search
151,5,21,12,/cart
151,5,21,12,/checkout
151,5,21,12,/search
151,5,21,12,/checkout
10,5,21,12,/profile
10,5,21,12,/product
151,5,21,12,/profile
10,5,21,12,/profile
151,5,21,12,/cart
151,5,21,12,/search
59,5,21,12,/search
59,5,21,12,/search
59,5,21,12,/cart
59,5,21,12,/cart
59,5,21,12,/checkout
59,5,21,12,/checkout
59,5,21,12,/checkout
59,5,21,12,/checkout
59,5,21,12,/profile
79,6,21,12,/search
79,6,21,12,/home
79,6,21,12,/search
79,6,21,12,/product
79,6,21,12,/home
79,6,21,12,/checkout
79,6,21,12,/cart
107,6,21,12,/cart
107,6,21,12,/search
107,6,21,12,/product
107,6,21,12,/search
107,6,21,12,/home
107,6,21,12,/product
107,6,21,12,/profile
107,6,21,12,/home
150,6,21,12,/profile
150,6,21,12,/product
150,6,21,12,/product
107,6,21,12,/cart
107,6,21,12,/search
107,6,21,12,/cart
122,6,21,12,/profile
122,6,21,12,/home
122,6,21,12,/home
122,6,21,12,/checkout
122,6,21,12,/home
122,6,21,12,/checkout
122,6,21,12,/checkout
122,6,21,12,/checkout
122,6,21,12,/product
122,6,21,12,/cart
122,6,21,12,/home
179,7,21,12,/home
179,7,21,12,/profile
179,7,21,12,/product
179,7,21,12,/search
179,7,21,12,/search
179,7,21,12,/profile
168,7,21,12,/home
168,7,21,12,/profile
168,7,21,12,/search
168,7,21,12,/product
168,7,21,12,/product
168,7,21,12,/profile
65,7,21,12,/product
65,7,21,12,/cart
65,7,21,12,/cart
140,7,21,12,/cart
140,7,21,12,/home
140,7,21,12,/cart
140,7,21,12,/product
140,7,21,12,/checkout
140,7,21,12,/profile
140,7,21,12,/cart
140,7,21,12,/search
140,7,21,12,/product
140,7,21,12,/checkout
140,7,21,12,/home
140,7,21,12,/search
140,7,21,12,/profile
140,7,21,12,/checkout
140,7,21,12,/home
87,7,21,12,/checkout
87,7,21,12,/cart
87,7,21,12,/search
87,7,21,12,/product
87,7,21,12,/checkout
87,7,21,12,/cart
114,8,21,12,/checkout
114,8,21,12,/home
114,8,21,12,/search
114,8,21,12,/cart
114,8,21,12,/checkout
114,8,21,12,/profile
114,8,21,12,/search
114,8,21,12,/profile
114,8,21,12,/cart
171,8,21,12,/checkout
171,8,21,12,/checkout
171,8,21,12,/profile
171,8,21,12,/cart
171,8,21,12,/product
171,8,21,12,/home
171,8,21,12,/search
171,8,21,12,/home
171,8,21,12,/cart
171,8,21,12,/product
171,8,21,12,/search
171,8,21,12,/home
160,9,21,12,/checkout
160,9,21,12,/home
160,9,21,12,/search
160,9,21,12,/cart
160,9,21,12,/home
160,9,21,12,/home
160,9,21,12,/home
160,9,21,12,/home
160,9,21,12,/checkout
160,9,21,12,/profile
160,9,21,12,/checkout
160,9,21,12,/checkout
2,10,21,12,/search
2,10,21,12,/checkout
2,10,21,12,/cart
2,10,21,12,/checkout
2,10,21,12,/cart
2,10,21,12,/profile
2,10,21,12,/home
2,10,21,12,/cart
2,10,21,12,/search
2,10,21,12,/checkout
39,10,21,12,/cart
39,10,21,12,/home
39,10,21,12,/checkout
39,10,21,12,/cart
39,10,21,12,/profile
39,10,21,12,/home
164,10,21,12,/cart
164,10,21,12,/checkout
164,10,21,12,/product
164,10,21,12,/cart
164,10,21,12,/checkout
164,10,21,12,/checkout
164,10,21,12,/home
164,10,21,12,/cart
1,11,21,12,/profile
1,11,21,12,/home
1,11,21,12,/cart
1,11,21,12,/search
1,11,21,12,/search
1,11,21,12,/profile
1,11,21,12,/profile
1,11,21,12,/home
54,11,21,12,/product
54,11,21,12,/checkout
54,11,21,12,/search
54,11,21,12,/product
54,11,21,12,/profile
54,11,21,12,/search
54,11,21,12,/profile
54,11,21,12,/product
183,11,21,12,/product
183,11,21,12,/checkout
183,11,21,12,/product
183,11,21,12,/checkout
183,11,21,12,/product
183,11,21,12,/checkout
183,11,21,12,/checkout
184,12,21,12,/profile
184,12,21,12,/profile
184,12,21,12,/checkout
5,12,21,12,/cart
184,12,21,12,/profile
184,12,21,12,/cart
5,12,21,12,/search
5,12,21,12,/checkout
184,12,21,12,/checkout
5,12,21,12,/search
184,12,21,12,/home
184,12,21,12,/home
184,12,21,12,/product
184,12,21,12,/search
52,12,21,12,/checkout
52,12,21,12,/search
52,12,21,12,/search
52,12,21,12,/product
52,12,21,12,/product
52,12,21,12,/home
52,12,21,12,/profile
124,12,21,12,/checkout
52,12,21,12,/home
52,12,21,12,/checkout
124,12,21,12,/home
124,12,21,12,/cart
124,12,21,12,/cart
124,12,21,12,/search
124,12,21,12,/profile
124,12,21,12,/home
193,12,21,12,/cart
193,12,21,12,/checkout
193,12,21,12,/search
193,12,21,12,/profile
193,12,21,12,/home
193,12,21,12,/product
193,12,21,12,/cart
193,12,21,12,/home
193,12,21,12,/home
193,12,21,12,/profile
193,12,21,12,/home
193,12,21,12,/home
193,12,21,12,/cart
193,12,21,12,/search
90,12,21,12,/home
90,12,21,12,/checkout
90,12,21,12,/search
90,12,21,12,/cart
90,12,21,12,/checkout
90,12,21,12,/home
90,12,21,12,/home
90,12,21,12,/product
197,13,21,12,/home
197,13,21,12,/product
197,13,21,12,/checkout
197,13,21,12,/home
160,14,21,12,/profile
160,14,21,12,/checkout
160,14,21,12,/home
160,14,21,12,/search
160,14,21,12,/home
54,14,21,12,/product
54,14,21,12,/product
54,14,21,12,/cart
54,14,21,12,/home
54,14,21,12,/search
54,14,21,12,/home
54,14,21,12,/product
54,14,21,12,/profile
54,14,21,12,/home
54,14,21,12,/checkout
54,14,21,12,/checkout
54,14,21,12,/cart
54,14,21,12,/checkout
54,15,21,12,/home
3,15,21,12,/checkout
3,15,21,12,/profile
3,15,21,12,/profile
3,15,21,12,/profile
3,15,21,12,/search
3,15,21,12,/search
3,15,21,12,/search
3,15,21,12,/profile
3,15,21,12,/search
3,15,21,12,/search
161,15,21,12,/profile
161,15,21,12,/profile
161,15,21,12,/checkout
161,15,21,12,/checkout
98,15,21,12,/product
98,15,21,12,/cart
98,15,21,12,/profile
98,15,21,12,/search
98,15,21,12,/home
98,15,21,12,/cart
98,15,21,12,/profile
98,15,21,12,/profile
98,15,21,12,/checkout
98,15,21,12,/home
98,15,21,12,/profile
98,15,21,12,/home
98,15,21,12,/profile
98,15,21,12,/product
111,15,21,12,/checkout
111,15,21,12,/profile
111,15,21,12,/checkout
35,16,21,12,/cart
35,16,21,12,/cart
35,16,21,12,/product
35,16,21,12,/cart
35,16,21,12,/cart
177,16,21,12,/profile
177,16,21,12,/profile
177,16,21,12,/checkout
177,16,21,12,/product
177,16,21,12,/checkout
177,16,21,12,/product
177,16,21,12,/product
177,16,21,12,/checkout
177,16,21,12,/home
72,16,21,12,/profile
72,16,21,12,/cart
72,16,21,12,/checkout
72,16,21,12,/cart
72,16,21,12,/profile
72,16,21,12,/profile
72,16,21,12,/checkout
72,16,21,12,/profile
72,16,21,12,/home
72,16,21,12,/home
72,16,21,12,/profile
72,16,21,12,/checkout
72,16,21,12,/checkout
72,16,21,12,/search
127,17,21,12,/home
127,17,21,12,/search
127,17,21,12,/profile
127,17,21,12,/search
127,17,21,12,/profile
127,17,21,12,/product
127,17,21,12,/checkout
127,17,21,12,/cart
127,17,21,12,/search
127,17,21,12,/home
127,17,21,12,/cart
127,17,21,12,/checkout
127,17,21,12,/product
127,17,21,12,/cart
34,17,21,12,/product
34,17,21,12,/home
34,17,21,12,/checkout
34,17,21,12,/checkout
34,17,21,12,/search
34,17,21,12,/checkout
34,17,21,12,/product
34,17,21,12,/search
34,17,21,12,/home
34,17,21,12,/search
34,17,21,12,/search
34,17,21,12,/search
17,17,21,12,/home
17,17,21,12,/product
17,17,21,12,/profile
17,17,21,12,/home
17,17,21,12,/search
17,17,21,12,/home
34,17,21,12,/product
17,17,21,12,/product
17,17,21,12,/cart
84,18,21,12,/cart
84,18,21,12,/product
84,18,21,12,/product
84,18,21,12,/profile
84,18,21,12,/cart
84,18,21,12,/checkout
84,18,21,12,/profile
84,18,21,12,/product
84,18,21,12,/search
92,18,21,12,/product
92,18,21,12,/checkout
92,18,21,12,/search
92,18,21,12,/product
92,18,21,12,/checkout
92,18,21,12,/profile
92,18,21,12,/profile
92,18,21,12,/profile
92,18,21,12,/product
92,18,21,12,/home
83,18,21,12,/product
83,18,21,12,/cart
83,18,21,12,/cart
83,18,21,12,/cart
83,18,21,12,/home
83,18,21,12,/checkout
83,18,21,12,/profile
130,18,21,12,/home
130,18,21,12,/cart
130,18,21,12,/cart
130,18,21,12,/product
130,18,21,12,/home
130,18,21,12,/cart
130,18,21,12,/checkout
130,18,21,12,/cart
130,18,21,12,/search
130,18,21,12,/home
130,18,21,12,/search
130,18,21,12,/profile
16,18,21,12,/cart
16,18,21,12,/search
16,18,21,12,/home
16,18,21,12,/cart
16,18,21,12,/home
16,18,21,12,/search
16,18,21,12,/home
16,18,21,12,/product
16,18,21,12,/cart
16,18,21,12,/cart
16,18,21,12,/search
16,18,21,12,/checkout
16,18,21,12,/cart
16,18,21,12,/search
16,18,21,12,/profile
200,18,21,12,/product
200,18,21,12,/search
200,18,21,12,/product
200,18,21,12,/home
200,18,21,12,/search
38,19,21,12,/product
38,19,21,12,/checkout
38,19,21,12,/profile
38,19,21,12,/product
38,19,21,12,/product
38,19,21,12,/cart
38,19,21,12,/profile
38,19,21,12,/profile
38,19,21,12,/checkout
38,19,21,12,/cart
38,19,21,12,/product
38,19,21,12,/search
151,19,21,12,/checkout
151,19,21,12,/profile
151,19,21,12,/product
151,19,21,12,/search
151,19,21,12,/home
151,19,21,12,/product
151,19,21,12,/cart
151,19,21,12,/home
64,19,21,12,/profile
64,19,21,12,/search
64,19,21,12,/cart
64,19,21,12,/cart
64,19,21,12,/home
64,19,21,12,/home
64,19,21,12,/profile
145,19,21,12,/cart
145,19,21,12,/checkout
145,19,21,12,/search
99,19,21,12,/home
99,19,21,12,/checkout
99,19,21,12,/search
99,19,21,12,/cart
99,19,21,12,/product
99,19,21,12,/search
99,19,21,12,/profile
99,19,21,12,/home
99,19,21,12,/home
99,19,21,12,/product
99,19,21,12,/search
99,20,21,12,/cart
99,20,21,12,/checkout
99,20,21,12,/home
99,20,21,12,/checkout
110,20,21,12,/checkout
110,20,21,12,/product
110,20,21,12,/search
110,20,21,12,/product
110,20,21,12,/checkout
110,20,21,12,/checkout
110,20,21,12,/product
110,20,21,12,/profile
110,20,21,12,/search
110,20,21,12,/search
110,20,21,12,/search
110,20,21,12,/profile
110,20,21,12,/home
110,20,21,12,/cart
110,20,21,12,/home
110,20,21,12,/product
110,20,21,12,/cart
110,20,21,12,/cart
110,20,21,12,/cart
110,20,21,12,/product
19,20,21,12,/checkout
19,20,21,12,/checkout
19,20,21,12,/search
19,20,21,12,/cart
19,20,21,12,/search
19,20,21,12,/checkout
19,20,21,12,/checkout
27,20,21,12,/cart
27,20,21,12,/checkout
27,20,21,12,/profile
27,20,21,12,/cart
27,20,21,12,/product
27,20,21,12,/cart
27,20,21,12,/profile
27,20,21,12,/product
27,20,21,12,/cart
27,20,21,12,/checkout
27,20,21,12,/cart
129,20,21,12,/search
129,20,21,12,/home
129,20,21,12,/product
129,20,21,12,/search
129,20,21,12,/product
129,20,21,12,/checkout
129,20,21,12,/search
129,20,21,12,/checkout
129,20,21,12,/profile
107,22,21,12,/checkout
107,22,21,12,/cart
107,22,21,12,/product
107,22,21,12,/profile
107,22,21,12,/profile
107,22,21,12,/checkout
107,22,21,12,/checkout
163,22,21,12,/search
163,22,21,12,/checkout
163,22,21,12,/home
163,22,21,12,/checkout
163,22,21,12,/home
163,22,21,12,/search
163,22,21,12,/profile
163,22,21,12,/search
163,22,21,12,/search
163,22,21,12,/home
163,22,21,12,/cart
163,22,21,12,/home
163,22,21,12,/profile
99,22,21,12,/cart
99,22,21,12,/checkout
99,22,21,12,/search
99,22,21,12,/checkout
99,23,21,12,/profile
99,23,21,12,/product
99,23,21,12,/product
7,23,21,12,/product
7,23,21,12,/product
7,23,21,12,/search
173,23,21,12,/home
173,23,21,12,/checkout
173,23,21,12,/search
173,23,21,12,/product
173,23,21,12,/cart
173,23,21,12,/product
173,23,21,12,/checkout
173,23,21,12,/checkout
173,23,21,12,/cart
173,23,21,12,/cart
173,23,21,12,/checkout
51,23,21,12,/home
51,23,21,12,/search
51,23,21,12,/checkout
51,23,21,12,/search
51,23,21,12,/product
51,23,21,12,/checkout
51,23,21,12,/checkout
51,23,21,12,/profile
51,23,21,12,/profile
51,23,21,12,/cart
159,23,21,12,/product
159,23,21,12,/home
159,23,21,12,/profile
159,23,21,12,/home
159,23,21,12,/cart
51,23,21,12,/product
51,23,21,12,/search
51,23,21,12,/checkout
159,23,21,12,/home
159,23,21,12,/checkout
159,23,21,12,/product
151,23,21,12,/profile
151,23,21,12,/cart
151,23,21,12,/search
151,23,21,12,/checkout
151,23,21,12,/checkout
151,23,21,12,/search
151,23,21,12,/search
151,23,21,12,/search
151,23,21,12,/cart
151,23,21,12,/profile
151,23,21,12,/profile
174,23,21,12,/product
174,23,21,12,/checkout
174,23,21,12,/search
174,23,21,12,/cart
174,23,21,12,/profile
174,23,21,12,/product
174,23,21,12,/profile
174,23,21,12,/product
174,23,21,12,/cart
174,23,21,12,/product
174,23,21,12,/checkout
174,23,21,12,/profile
174,23,21,12,/profile
91,1,22,12,/checkout
91,1,22,12,/search
91,1,22,12,/profile
91,1,22,12,/home
91,1,22,12,/home
91,1,22,12,/home
91,1,22,12,/search
91,1,22,12,/search
91,1,22,12,/profile
91,1,22,12,/home
184,1,22,12,/profile
184,1,22,12,/checkout
184,1,22,12,/cart
184,1,22,12,/profile
184,1,22,12,/profile
184,1,22,12,/profile
184,1,22,12,/search
184,1,22,12,/search
184,1,22,12,/product
184,1,22,12,/checkout
184,1,22,12,/profile
184,1,22,12,/search
184,1,22,12,/product
184,1,22,12,/home
184,1,22,12,/search
188,1,22,12,/checkout
188,1,22,12,/home
188,1,22,12,/search
188,1,22,12,/profile
188,1,22,12,/product
188,1,22,12,/home
188,1,22,12,/search
188,1,22,12,/profile
188,1,22,12,/profile
188,1,22,12,/search
188,1,22,12,/profile
188,1,22,12,/product
188,1,22,12,/checkout
159,2,22,12,/home
159,2,22,12,/profile
159,2,22,12,/home
159,2,22,12,/search
159,2,22,12,/profile
159,2,22,12,/search
159,2,22,12,/product
159,2,22,12,/cart
159,2,22,12,/checkout
159,2,22,12,/checkout
113,2,22,12,/profile
63,2,22,12,/profile
113,2,22,12,/profile
63,2,22,12,/profile
113,2,22,12,/search
63,2,22,12,/product
63,2,22,12,/home
63,2,22,12,/search
113,2,22,12,/search
113,2,22,12,/profile
63,2,22,12,/home
63,2,22,12,/search
113,2,22,12,/cart
63,2,22,12,/home
63,2,22,12,/home
63,2,22,12,/search
63,2,22,12,/search
12,2,22,12,/checkout
12,2,22,12,/checkout
12,2,22,12,/profile
12,2,22,12,/product
12,2,22,12,/search
12,2,22,12,/cart
12,2,22,12,/profile
12,2,22,12,/product
12,2,22,12,/home
71,2,22,12,/home
71,2,22,12,/product
71,2,22,12,/checkout
71,2,22,12,/home
71,2,22,12,/product
71,2,22,12,/home
180,3,22,12,/product
180,3,22,12,/product
180,3,22,12,/profile
180,3,22,12,/checkout
180,3,22,12,/profile
180,3,22,12,/product
180,3,22,12,/profile
180,3,22,12,/product
180,3,22,12,/product
180,3,22,12,/product
180,3,22,12,/home
180,3,22,12,/checkout
180,3,22,12,/profile
180,3,22,12,/product
180,3,22,12,/product
27,4,22,12,/checkout
27,4,22,12,/product
27,4,22,12,/home
27,4,22,12,/checkout
27,4,22,12,/product
27,4,22,12,/product
27,4,22,12,/cart
27,4,22,12,/product
27,4,22,12,/search
27,4,22,12,/search
163,5,22,12,/search
163,5,22,12,/profile
163,5,22,12,/product
163,5,22,12,/cart
163,5,22,12,/home
163,5,22,12,/search
163,5,22,12,/home
163,5,22,12,/product
163,5,22,12,/product
163,5,22,12,/home
105,5,22,12,/home
105,5,22,12,/profile
105,5,22,12,/cart
105,5,22,12,/profile
105,5,22,12,/cart
105,5,22,12,/search
105,5,22,12,/profile
105,5,22,12,/cart
105,5,22,12,/search
105,5,22,12,/checkout
105,5,22,12,/cart
105,5,22,12,/cart
105,5,22,12,/home
105,5,22,12,/profile
5,6,22,12,/search
5,6,22,12,/product
5,6,22,12,/search
5,6,22,12,/product
5,6,22,12,/home
107,6,22,12,/search
107,6,22,12,/profile
107,6,22,12,/product
107,6,22,12,/home
107,6,22,12,/checkout
107,6,22,12,/cart
107,6,22,12,/product
107,6,22,12,/checkout
107,6,22,12,/checkout
107,6,22,12,/profile
107,6,22,12,/search
111,6,22,12,/home
111,6,22,12,/cart
111,6,22,12,/home
111,6,22,12,/cart
44,7,22,12,/profile
44,7,22,12,/home
44,7,22,12,/home
109,7,22,12,/home
109,7,22,12,/product
109,7,22,12,/home
109,7,22,12,/search
109,7,22,12,/search
11,7,22,12,/checkout
109,7,22,12,/search
109,7,22,12,/search
109,7,22,12,/profile
11,7,22,12,/search
11,7,22,12,/product
11,7,22,12,/checkout
109,7,22,12,/profile
109,7,22,12,/cart
119,7,22,12,/profile
119,7,22,12,/checkout
119,7,22,12,/home
119,7,22,12,/cart
119,7,22,12,/home
119,7,22,12,/search
119,7,22,12,/product
119,7,22,12,/profile
119,7,22,12,/profile
119,7,22,12,/search
10,8,22,12,/product
10,8,22,12,/home
10,8,22,12,/search
4,8,22,12,/search
4,8,22,12,/home
4,8,22,12,/search
4,8,22,12,/search
4,8,22,12,/profile
4,8,22,12,/profile
4,8,22,12,/profile
121,9,22,12,/checkout
121,9,22,12,/cart
121,9,22,12,/home
121,9,22,12,/profile
121,9,22,12,/profile
121,9,22,12,/search
121,9,22,12,/cart
121,9,22,12,/home
121,9,22,12,/search
121,9,22,12,/search
121,9,22,12,/checkout
75,9,22,12,/checkout
75,9,22,12,/checkout
75,9,22,12,/cart
75,9,22,12,/search
75,9,22,12,/profile
75,9,22,12,/cart
75,9,22,12,/home
75,9,22,12,/profile
75,9,22,12,/home
75,9,22,12,/cart
75,9,22,12,/profile
75,9,22,12,/home
152,9,22,12,/cart
152,9,22,12,/product
152,9,22,12,/checkout
152,9,22,12,/home
152,9,22,12,/profile
152,9,22,12,/search
152,9,22,12,/checkout
152,9,22,12,/checkout
152,9,22,12,/profile
98,10,22,12,/checkout
98,10,22,12,/profile
98,10,22,12,/checkout
98,10,22,12,/home
98,10,22,12,/home
98,10,22,12,/search
98,10,22,12,/profile
49,10,22,12,/checkout
49,10,22,12,/checkout
49,10,22,12,/profile
49,10,22,12,/profile
49,10,22,12,/checkout
49,10,22,12,/search
151,10,22,12,/profile
151,10,22,12,/cart
49,10,22,12,/search
151,10,22,12,/checkout
151,10,22,12,/search
49,10,22,12,/search
151,10,22,12,/cart
49,10,22,12,/checkout
49,10,22,12,/cart
151,10,22,12,/cart
49,10,22,12,/product
49,10,22,12,/search
49,10,22,12,/checkout
151,10,22,12,/cart
151,10,22,12,/checkout
151,10,22,12,/product
151,10,22,12,/cart
151,10,22,12,/home
151,10,22,12,/search
151,10,22,12,/home
151,10,22,12,/product
62,10,22,12,/checkout
62,10,22,12,/profile
62,10,22,12,/checkout
62,10,22,12,/profile
62,10,22,12,/home
62,10,22,12,/search
62,10,22,12,/product
62,10,22,12,/checkout
62,10,22,12,/cart
62,10,22,12,/home
62,10,22,12,/product
62,10,22,12,/home
62,10,22,12,/product
62,10,22,12,/cart
62,11,22,12,/search
179,12,22,12,/product
179,12,22,12,/home
179,12,22,12,/profile
179,12,22,12,/search
179,12,22,12,/home
179,12,22,12,/cart
179,12,22,12,/search
179,12,22,12,/profile
179,12,22,12,/cart
179,12,22,12,/search
32,12,22,12,/cart
32,12,22,12,/cart
32,12,22,12,/home
32,12,22,12,/cart
32,12,22,12,/profile
32,12,22,12,/profile
32,12,22,12,/home
32,12,22,12,/profile
32,12,22,12,/product
32,12,22,12,/cart
32,12,22,12,/search
32,12,22,12,/search
32,12,22,12,/checkout
32,12,22,12,/checkout
63,12,22,12,/checkout
63,12,22,12,/search
63,12,22,12,/checkout
63,12,22,12,/product
63,12,22,12,/cart
63,12,22,12,/profile
63,12,22,12,/cart
63,12,22,12,/checkout
63,12,22,12,/cart
63,12,22,12,/search
63,12,22,12,/search
63,13,22,12,/cart
63,13,22,12,/checkout
63,13,22,12,/cart
63,13,22,12,/product
91,13,22,12,/cart
91,13,22,12,/search
91,13,22,12,/product
91,13,22,12,/product
91,13,22,12,/cart
91,13,22,12,/profile
114,13,22,12,/product
91,13,22,12,/product
114,13,22,12,/home
114,13,22,12,/profile
114,13,22,12,/profile
114,13,22,12,/profile
114,13,22,12,/checkout
114,13,22,12,/home
114,13,22,12,/search
114,13,22,12,/search
91,13,22,12,/profile
91,13,22,12,/home
114,13,22,12,/profile
114,13,22,12,/profile
114,13,22,12,/search
114,13,22,12,/search
114,13,22,12,/search
146,13,22,12,/search
146,13,22,12,/cart
146,13,22,12,/product
146,13,22,12,/search
146,13,22,12,/profile
146,13,22,12,/checkout
146,13,22,12,/cart
146,13,22,12,/search
146,13,22,12,/checkout
146,13,22,12,/checkout
146,13,22,12,/search
146,13,22,12,/home
146,13,22,12,/home
187,13,22,12,/cart
187,13,22,12,/product
187,13,22,12,/checkout
187,13,22,12,/cart
187,13,22,12,/cart
88,14,22,12,/search
88,14,22,12,/profile
88,14,22,12,/home
88,14,22,12,/profile
88,14,22,12,/home
88,14,22,12,/cart
88,14,22,12,/product
88,14,22,12,/cart
88,14,22,12,/home
88,14,22,12,/profile
88,14,22,12,/home
9,14,22,12,/profile
88,14,22,12,/product
9,14,22,12,/home
9,14,22,12,/checkout
9,14,22,12,/search
9,14,22,12,/checkout
125,14,22,12,/product
9,14,22,12,/home
88,14,22,12,/profile
88,14,22,12,/home
125,14,22,12,/home
125,14,22,12,/product
125,14,22,12,/checkout
125,14,22,12,/profile
9,14,22,12,/profile
88,14,22,12,/profile
9,14,22,12,/product
9,14,22,12,/product
9,14,22,12,/cart
9,14,22,12,/product
9,14,22,12,/home
9,14,22,12,/search
9,14,22,12,/home
93,14,22,12,/cart
93,14,22,12,/checkout
93,14,22,12,/home
93,14,22,12,/product
93,14,22,12,/checkout
93,14,22,12,/home
93,14,22,12,/checkout
93,14,22,12,/search
93,14,22,12,/profile
93,14,22,12,/search
93,14,22,12,/checkout
93,14,22,12,/home
80,14,22,12,/checkout
80,14,22,12,/checkout
80,14,22,12,/cart
80,14,22,12,/search
80,14,22,12,/profile
80,14,22,12,/checkout
80,14,22,12,/search
80,14,22,12,/home
80,14,22,12,/checkout
80,14,22,12,/checkout
80,14,22,12,/home
80,14,22,12,/profile
80,14,22,12,/checkout
129,15,22,12,/cart
129,15,22,12,/search
129,15,22,12,/search
129,15,22,12,/home
129,15,22,12,/product
129,15,22,12,/profile
129,15,22,12,/search
129,15,22,12,/profile
129,15,22,12,/home
129,15,22,12,/checkout
157,15,22,12,/search
157,15,22,12,/product
157,15,22,12,/home
157,15,22,12,/home
157,15,22,12,/search
157,15,22,12,/search
157,15,22,12,/checkout
157,15,22,12,/cart
66,15,22,12,/cart
66,15,22,12,/checkout
66,15,22,12,/profile
174,15,22,12,/home
174,15,22,12,/search
174,15,22,12,/cart
174,15,22,12,/cart
174,15,22,12,/checkout
200,16,22,12,/home
200,16,22,12,/product
200,16,22,12,/search
200,16,22,12,/cart
200,16,22,12,/cart
200,16,22,12,/search
200,16,22,12,/search
200,16,22,12,/home
200,16,22,12,/home
200,16,22,12,/home
200,16,22,12,/checkout
200,16,22,12,/checkout
144,16,22,12,/cart
144,16,22,12,/checkout
144,16,22,12,/cart
144,16,22,12,/checkout
69,16,22,12,/cart
69,16,22,12,/checkout
69,16,22,12,/profile
69,16,22,12,/cart
18,17,22,12,/product
18,17,22,12,/profile
18,17,22,12,/profile
18,17,22,12,/product
18,17,22,12,/profile
18,17,22,12,/search
18,17,22,12,/cart
18,17,22,12,/cart
18,17,22,12,/product
18,17,22,12,/checkout
18,17,22,12,/product
18,17,22,12,/product
18,17,22,12,/product
18,17,22,12,/home
56,17,22,12,/profile
56,17,22,12,/profile
56,17,22,12,/profile
56,17,22,12,/search
56,17,22,12,/home
115,18,22,12,/profile
115,18,22,12,/profile
115,18,22,12,/cart
115,18,22,12,/home
15,18,22,12,/cart
15,18,22,12,/product
15,18,22,12,/search
15,18,22,12,/home
15,18,22,12,/search
15,18,22,12,/product
15,18,22,12,/search
15,18,22,12,/profile
15,18,22,12,/profile
15,18,22,12,/cart
15,18,22,12,/checkout
15,18,22,12,/search
15,18,22,12,/checkout
95,19,22,12,/product
191,19,22,12,/product
191,19,22,12,/cart
95,19,22,12,/checkout
95,19,22,12,/profile
95,19,22,12,/profile
95,19,22,12,/home
191,19,22,12,/cart
191,19,22,12,/profile
95,19,22,12,/product
191,19,22,12,/profile
191,19,22,12,/cart
95,19,22,12,/search
95,19,22,12,/checkout
95,19,22,12,/cart
95,19,22,12,/checkout
95,19,22,12,/cart
95,19,22,12,/home
95,19,22,12,/checkout
95,19,22,12,/product
95,19,22,12,/product
191,19,22,12,/checkout
191,19,22,12,/search
191,19,22,12,/search
191,19,22,12,/search
191,19,22,12,/profile
191,19,22,12,/cart
76,19,22,12,/search
76,19,22,12,/search
76,19,22,12,/checkout
76,19,22,12,/product
76,19,22,12,/home
191,19,22,12,/search
92,19,22,12,/profile
92,19,22,12,/home
76,19,22,12,/checkout
76,19,22,12,/product
191,19,22,12,/home
92,19,22,12,/home
191,19,22,12,/product
191,19,22,12,/product
191,19,22,12,/cart
191,19,22,12,/search
191,19,22,12,/search
92,19,22,12,/product
92,19,22,12,/product
92,19,22,12,/product
92,19,22,12,/cart
92,19,22,12,/home
191,19,22,12,/search
92,19,22,12,/product
92,19,22,12,/checkout
150,19,22,12,/product
150,19,22,12,/checkout
150,19,22,12,/product
150,19,22,12,/product
150,19,22,12,/search
150,19,22,12,/home
150,19,22,12,/search
150,19,22,12,/product
62,20,22,12,/checkout
62,20,22,12,/checkout
62,20,22,12,/checkout
62,20,22,12,/product
62,20,22,12,/cart
62,20,22,12,/home
62,20,22,12,/search
62,20,22,12,/cart
62,20,22,12,/checkout
61,20,22,12,/search
61,20,22,12,/cart
61,20,22,12,/search
61,20,22,12,/home
61,20,22,12,/cart
61,20,22,12,/profile
61,20,22,12,/checkout
61,20,22,12,/home
61,20,22,12,/home
61,20,22,12,/cart
61,20,22,12,/profile
61,20,22,12,/product
61,20,22,12,/checkout
101,21,22,12,/product
101,21,22,12,/checkout
101,21,22,12,/search
34,21,22,12,/checkout
34,21,22,12,/product
34,21,22,12,/cart
34,21,22,12,/cart
34,21,22,12,/product
34,21,22,12,/checkout
34,21,22,12,/cart
34,21,22,12,/cart
34,21,22,12,/search
34,21,22,12,/profile
64,21,22,12,/search
108,21,22,12,/product
64,21,22,12,/profile
108,21,22,12,/profile
108,21,22,12,/checkout
108,21,22,12,/home
64,21,22,12,/home
64,21,22,12,/checkout
64,21,22,12,/home
108,21,22,12,/search
64,21,22,12,/search
64,21,22,12,/product
64,21,22,12,/product
108,21,22,12,/home
64,21,22,12,/cart
64,21,22,12,/profile
185,21,22,12,/profile
185,21,22,12,/product
185,21,22,12,/home
185,21,22,12,/cart
185,21,22,12,/cart
185,21,22,12,/profile
185,21,22,12,/home
6,22,22,12,/search
6,22,22,12,/home
6,22,22,12,/cart
76,22,22,12,/profile
76,22,22,12,/checkout
76,22,22,12,/cart
76,22,22,12,/cart
76,22,22,12,/product
76,22,22,12,/search
76,22,22,12,/product
76,22,22,12,/checkout
76,22,22,12,/home
76,22,22,12,/profile
76,22,22,12,/checkout
104,22,22,12,/home
104,22,22,12,/cart
104,22,22,12,/cart
104,22,22,12,/search
104,22,22,12,/cart
104,22,22,12,/product
104,22,22,12,/product
104,22,22,12,/home
104,22,22,12,/home
104,22,22,12,/search
104,22,22,12,/profile
104,22,22,12,/cart
144,22,22,12,/search
144,22,22,12,/product
144,22,22,12,/checkout
144,22,22,12,/product
144,22,22,12,/profile
144,22,22,12,/product
144,22,22,12,/product
144,22,22,12,/cart
144,22,22,12,/home
144,22,22,12,/cart
144,22,22,12,/product
56,23,22,12,/cart
56,23,22,12,/profile
56,23,22,12,/checkout
56,23,22,12,/home
48,23,22,12,/product
48,23,22,12,/checkout
48,23,22,12,/product
48,23,22,12,/cart
48,23,22,12,/profile
48,23,22,12,/profile
43,23,22,12,/product
178,23,22,12,/search
178,23,22,12,/cart
43,23,22,12,/product
178,23,22,12,/cart
178,23,22,12,/profile
43,23,22,12,/product
43,23,22,12,/product
153,23,22,12,/search
153,23,22,12,/cart
153,23,22,12,/home
153,23,22,12,/search
153,23,22,12,/checkout
153,23,22,12,/home
153,23,22,12,/product
116,23,22,12,/search
116,23,22,12,/profile
116,23,22,12,/checkout
116,23,22,12,/checkout
116,23,22,12,/checkout
116,0,23,12,/cart
152,0,23,12,/profile
152,0,23,12,/product
152,0,23,12,/profile
152,0,23,12,/cart
152,0,23,12,/home
152,0,23,12,/cart
152,0,23,12,/home
152,0,23,12,/search
152,0,23,12,/checkout
152,0,23,12,/checkout
152,0,23,12,/home
152,0,23,12,/checkout
152,0,23,12,/checkout
102,0,23,12,/checkout
102,0,23,12,/search
102,0,23,12,/cart
102,0,23,12,/checkout
102,0,23,12,/home
102,0,23,12,/profile
102,0,23,12,/checkout
102,0,23,12,/search
102,0,23,12,/search
102,0,23,12,/product
102,0,23,12,/profile
102,0,23,12,/cart
169,0,23,12,/home
169,0,23,12,/search
169,0,23,12,/search
51,1,23,12,/search
51,1,23,12,/profile
51,1,23,12,/checkout
160,1,23,12,/search
160,1,23,12,/home
160,1,23,12,/search
160,1,23,12,/cart
160,1,23,12,/profile
160,1,23,12,/cart
160,1,23,12,/search
160,1,23,12,/profile
100,1,23,12,/search
100,1,23,12,/profile
100,1,23,12,/product
100,1,23,12,/product
100,1,23,12,/checkout
100,1,23,12,/profile
100,1,23,12,/profile
100,1,23,12,/cart
100,1,23,12,/product
113,1,23,12,/cart
113,1,23,12,/home
113,1,23,12,/product
113,1,23,12,/cart
113,1,23,12,/search
113,1,23,12,/profile
113,1,23,12,/product
48,2,23,12,/product
48,2,23,12,/home
48,2,23,12,/profile
48,2,23,12,/home
48,2,23,12,/checkout
48,2,23,12,/home
48,2,23,12,/checkout
48,2,23,12,/cart
48,2,23,12,/profile
48,2,23,12,/search
48,2,23,12,/cart
48,2,23,12,/cart
48,2,23,12,/home
48,2,23,12,/profile
48,2,23,12,/profile
157,2,23,12,/home
157,2,23,12,/home
157,2,23,12,/checkout
157,2,23,12,/search
157,2,23,12,/profile
157,2,23,12,/search
157,2,23,12,/checkout
157,2,23,12,/home
157,2,23,12,/cart
157,2,23,12,/cart
157,2,23,12,/search
37,2,23,12,/search
37,2,23,12,/profile
37,2,23,12,/product
37,2,23,12,/home
37,2,23,12,/search
149,2,23,12,/cart
149,2,23,12,/product
149,2,23,12,/cart
149,2,23,12,/product
37,2,23,12,/home
149,2,23,12,/profile
149,2,23,12,/cart
149,2,23,12,/product
149,2,23,12,/search
189,2,23,12,/product
189,2,23,12,/cart
189,2,23,12,/search
189,2,23,12,/checkout
189,2,23,12,/home
189,2,23,12,/home
189,2,23,12,/home
189,2,23,12,/profile
189,2,23,12,/profile
189,2,23,12,/home
189,2,23,12,/search
189,2,23,12,/cart
189,3,23,12,/search
189,3,23,12,/cart
38,3,23,12,/search
38,3,23,12,/home
38,3,23,12,/checkout
38,3,23,12,/product
38,3,23,12,/search
38,3,23,12,/checkout
38,3,23,12,/search
38,3,23,12,/checkout
88,3,23,12,/cart
88,3,23,12,/checkout
88,3,23,12,/product
88,3,23,12,/product
88,3,23,12,/profile
88,3,23,12,/search
87,4,23,12,/product
87,4,23,12,/checkout
87,4,23,12,/profile
67,4,23,12,/checkout
67,4,23,12,/profile
67,4,23,12,/search
67,4,23,12,/cart
4,4,23,12,/checkout
4,4,23,12,/checkout
4,4,23,12,/cart
4,4,23,12,/cart
4,4,23,12,/profile
130,4,23,12,/product
130,4,23,12,/profile
130,4,23,12,/checkout
130,4,23,12,/profile
130,4,23,12,/product
130,4,23,12,/cart
130,4,23,12,/home
130,4,23,12,/product
130,5,23,12,/profile
130,5,23,12,/checkout
130,5,23,12,/home
130,5,23,12,/checkout
130,5,23,12,/checkout
74,5,23,12,/checkout
74,5,23,12,/checkout
74,5,23,12,/checkout
74,5,23,12,/cart
74,5,23,12,/search
74,5,23,12,/product
74,5,23,12,/profile
74,5,23,12,/checkout
74,5,23,12,/home
74,5,23,12,/home
49,6,23,12,/checkout
49,6,23,12,/profile
49,6,23,12,/home
49,6,23,12,/product
49,6,23,12,/home
49,6,23,12,/home
49,6,23,12,/home
49,6,23,12,/checkout
49,6,23,12,/home
49,6,23,12,/profile
49,6,23,12,/product
49,6,23,12,/home
49,6,23,12,/checkout
49,6,23,12,/checkout
125,6,23,12,/product
125,6,23,12,/product
125,6,23,12,/cart
125,6,23,12,/cart
125,6,23,12,/home
125,6,23,12,/search
125,6,23,12,/checkout
125,6,23,12,/product
125,6,23,12,/search
125,6,23,12,/profile
125,6,23,12,/product
144,6,23,12,/product
144,6,23,12,/cart
144,6,23,12,/profile
144,6,23,12,/profile
153,7,23,12,/search
153,7,23,12,/search
153,7,23,12,/home
153,7,23,12,/cart
153,7,23,12,/search
153,7,23,12,/cart
153,7,23,12,/checkout
153,7,23,12,/checkout
198,7,23,12,/profile
198,7,23,12,/product
198,7,23,12,/home
198,7,23,12,/profile
198,7,23,12,/home
198,7,23,12,/profile
198,7,23,12,/search
198,7,23,12,/search
153,7,23,12,/checkout
198,7,23,12,/search
198,7,23,12,/home
62,8,23,12,/checkout
62,8,23,12,/checkout
62,8,23,12,/search
62,8,23,12,/checkout
62,8,23,12,/cart
62,8,23,12,/search
62,8,23,12,/home
62,8,23,12,/product
62,8,23,12,/home
62,8,23,12,/checkout
62,8,23,12,/profile
62,8,23,12,/product
62,8,23,12,/home
62,8,23,12,/checkout
7,8,23,12,/profile
7,8,23,12,/home
7,8,23,12,/search
7,8,23,12,/checkout
7,8,23,12,/checkout
7,8,23,12,/checkout
7,8,23,12,/checkout
176,8,23,12,/product
176,8,23,12,/cart
7,8,23,12,/search
176,8,23,12,/profile
7,8,23,12,/product
176,8,23,12,/checkout
176,8,23,12,/profile
176,8,23,12,/search
7,8,23,12,/search
196,8,23,12,/home
196,8,23,12,/search
196,8,23,12,/home
196,8,23,12,/home
196,8,23,12,/cart
196,8,23,12,/product
196,8,23,12,/product
196,8,23,12,/cart
196,8,23,12,/home
196,8,23,12,/search
196,8,23,12,/product
196,8,23,12,/cart
196,8,23,12,/search
142,8,23,12,/checkout
142,8,23,12,/home
142,8,23,12,/product
142,8,23,12,/cart
142,8,23,12,/cart
142,8,23,12,/cart
142,8,23,12,/product
175,9,23,12,/search
175,9,23,12,/checkout
175,9,23,12,/cart
175,9,23,12,/cart
175,9,23,12,/cart
175,9,23,12,/checkout
175,9,23,12,/cart
175,9,23,12,/home
175,9,23,12,/cart
175,9,23,12,/product
138,10,23,12,/checkout
138,10,23,12,/home
138,10,23,12,/cart
138,10,23,12,/product
138,10,23,12,/home
5,10,23,12,/profile
5,10,23,12,/product
5,10,23,12,/checkout
5,10,23,12,/search
5,10,23,12,/home
5,10,23,12,/product
47,11,23,12,/search
47,11,23,12,/product
47,11,23,12,/profile
47,11,23,12,/home
47,11,23,12,/home
47,11,23,12,/product
47,11,23,12,/home
47,11,23,12,/cart
47,11,23,12,/product
47,11,23,12,/product
47,11,23,12,/home
47,11,23,12,/home
47,11,23,12,/profile
83,11,23,12,/profile
83,11,23,12,/product
83,11,23,12,/search
83,11,23,12,/home
83,11,23,12,/search
83,11,23,12,/cart
83,11,23,12,/checkout
83,11,23,12,/checkout
83,11,23,12,/home
83,11,23,12,/search
83,11,23,12,/cart
83,11,23,12,/cart
83,11,23,12,/checkout
83,11,23,12,/product
175,11,23,12,/home
175,11,23,12,/home
175,11,23,12,/cart
175,11,23,12,/cart
175,11,23,12,/cart
175,11,23,12,/checkout
175,11,23,12,/home
98,11,23,12,/checkout
98,11,23,12,/home
98,11,23,12,/product
98,11,23,12,/checkout
98,11,23,12,/cart
98,11,23,12,/search
98,12,23,12,/profile
98,12,23,12,/checkout
98,12,23,12,/product
98,12,23,12,/home
98,12,23,12,/search
98,12,23,12,/product
98,12,23,12,/product
98,12,23,12,/home
176,12,23,12,/search
176,12,23,12,/profile
176,12,23,12,/search
176,12,23,12,/cart
176,12,23,12,/search
176,12,23,12,/cart
176,12,23,12,/profile
176,12,23,12,/cart
176,12,23,12,/profile
176,12,23,12,/checkout
176,12,23,12,/search
29,12,23,12,/home
29,12,23,12,/checkout
29,12,23,12,/search
29,12,23,12,/home
29,12,23,12,/home
29,12,23,12,/product
29,12,23,12,/profile
3,12,23,12,/search
3,12,23,12,/search
3,12,23,12,/home
3,12,23,12,/checkout
3,12,23,12,/product
3,12,23,12,/checkout
3,12,23,12,/search
3,13,23,12,/profile
3,13,23,12,/cart
3,13,23,12,/product
3,13,23,12,/home
3,13,23,12,/profile
3,13,23,12,/home
3,13,23,12,/home
3,13,23,12,/cart
170,13,23,12,/home
170,13,23,12,/home
170,13,23,12,/checkout
170,13,23,12,/search
170,13,23,12,/cart
170,13,23,12,/cart
170,13,23,12,/home
170,13,23,12,/home
170,13,23,12,/product
170,13,23,12,/home
170,13,23,12,/product
